"species","Abbottina_rivularis","Acheilognathus_chankaensis","Acheilognathus_macropterus","Aphyocypris_chinensis","Barbatula_nuda","Brachymystax_lenok","Carassius_auratus","Carassius_gibelio","Channa_argus","Chanodichthys_erythropterus","Chanodichthys_mongolicus","Cobitis_lutheri","Cobitis_melanoleuca","Coregonus_chadary","Cottus_poecilopus","Ctenopharyngodon_idella","Culter_alburnus","Cyprinus_carpio","Elopichthys_bambusa","Esox_lucius","Esox_reichertii","Eudontomyzon_morii","Gnathopogon_strigatus","Gobio_cynocephalus","Gobio_soldatovi","Gobiobotia_pappenheimi","Hemibarbus_labeo","Hemibarbus_maculatus","Hemiculter_bleekeri","Hemiculter_leucisculus","Hucho_taimen","Hypomesus_nipponensis","Hypomesus_olidus","Hypophthalmichthys_molitrix","Hypophthalmichthys_nobilis","Ictalurus_punctatus","Ladislavia_taczanowskii","Lefua_costata","Leiocassis_longirostris","Leuciscus_waleckii","Lota_lota","Luciobarbus_capito","Macropodus_chinensis","Megalobrama_skolkovii","Megalobrama_terminalis","Mesocottus_haitej","Micropercops_swinhonis","Microphysogobio_amurensis","Misgurnus_anguillicaudatus","Misgurnus_mohoity","Mylopharyngodon_piceus","Neosalanx_taihuensis","Oncorhynchus_keta","Oncorhynchus_mykiss","Opsariichthys_bidens","Oryzias_latipes","Parabotia_fasciatus","Parabramis_pekinensis","Paramisgurnus_dabryanus","Perca_fluviatilis","Perccottus_glenii","Phoxinus_phoxinus","Plagiognathops_microlepis","Protosalanx_hyalocranius","Pseudaspius_leptocephalus","Pseudobrama_simoni","Pseudorasbora_parva","Pungitius_sinensis","Rhinogobius_brunneus","Rhinogobius_cliffordpopei","Rhodeus_lighti","Rhodeus_ocellatus","Rhodeus_sericeus","Rhodeus_sinensis","Rhynchocypris_czekanowskii","Rhynchocypris_lagowskii","Rhynchocypris_oxycephalus","Rhynchocypris_percnurus","Rutilus_rutilus","Salvelinus_leucomaenis","Salvelinus_malma","Sander_lucioperca","Sarcocheilichthys_lacustris","Sarcocheilichthys_nigripinnis","Saurogobio_dabryi","Silurus_asotus","Siniperca_chuatsi","Squalidus_argentatus","Squalidus_chankaensis","Squaliobarbus_curriculus","Tachysurus_argentivittatus","Tachysurus_fulvidraco","Tachysurus_nitidus","Tachysurus_ussuriensis","Thymallus_arcticus","Thymallus_grubii","Thymallus_tugarinae","Tinca_tinca","Xenocypris_argentea","Zacco_platypus"
"Abbottina_rivularis",0,0.1714,0.1738,0.4606,0.2551,0.7235,0.2965,0.1624,0.6504,0.8738,0.6015,0.2273,0.1117,0.6916,0.235,0.6413,0.4863,0.0662,0.7693,0.7935,0.7935,0.7044,0.3427,0.1156,0.1195,0.34,0.2584,0.0248,0.3902,0.3613,0.9338,0.5611,0.3384,0.4351,0.5387,0.2896,0.3383,0.1385,0.3554,0.2603,0.6532,0.4044,0.4628,0.2329,0.3586,0.4495,0.1272,0.1198,0.2363,0.2418,0.7624,0.7918,0.865,0.6496,0.1196,0.3462,0.2223,0.7449,0.2281,0.49,0.3501,0.2294,0.2512,0.5576,0.5256,0.2273,0.1236,0.4604,0.4563,0.3403,0.2555,0.1522,0.1689,0.2801,0.4501,0.4562,0.4632,0.338,0.1422,0.8233,0.8638,0.4104,0.2479,0.0016,0.1159,0.5563,0.5267,1e-04,0.223,0.3547,0.3412,0.3511,0.2524,0.2949,0.5877,0.8132,0.8189,0.269,0.1511,0.3443
"Acheilognathus_chankaensis",0.1714,0,0.2296,0.387,0.3643,0.6727,0.1302,0.0405,0.5996,0.9341,0.6619,0.3898,0.2832,0.6319,0.4014,0.4749,0.5467,0.2199,0.7185,0.8539,0.8539,0.6537,0.2779,0.2782,0.2769,0.4981,0.4298,0.1963,0.2328,0.2661,0.883,0.4993,0.2787,0.2954,0.4435,0.4611,0.2776,0.2604,0.5268,0.1334,0.6024,0.5314,0.3803,0.1821,0.3078,0.3987,0.2758,0.2772,0.3899,0.3866,0.7028,0.7182,0.8142,0.5988,0.1711,0.4015,0.3936,0.5786,0.3907,0.4392,0.2993,0.1647,0.4226,0.5068,0.4748,0.3898,0.1611,0.5156,0.3915,0.2845,0.1463,0.0252,0.0064,0.1176,0.3942,0.4054,0.4105,0.2779,0.0647,0.7725,0.813,0.3596,0.3749,0.1698,0.2873,0.6166,0.476,0.1714,0.1706,0.2951,0.5076,0.5225,0.4239,0.4663,0.537,0.7624,0.7681,0.2182,0.2603,0.2757
"Acheilognathus_macropterus",0.1738,0.2296,0,0.5055,0.252,0.7764,0.1227,0.2553,0.7033,0.9267,0.7655,0.2798,0.1731,0.7356,0.4088,0.6897,0.5392,0.2124,0.9333,0.8465,0.8465,0.7573,0.2853,0.1693,0.2843,0.3938,0.3113,0.1888,0.4502,0.4809,0.9867,0.6148,0.3909,0.5102,0.6583,0.4537,0.5032,0.0456,0.4083,0.3629,0.7061,0.5239,0.6099,0.3969,0.5226,0.3998,0.061,0.0624,0.2714,0.2681,0.8065,0.8367,0.9179,0.5913,0.2763,0.4089,0.2849,0.5711,0.279,0.4318,0.517,0.2832,0.193,0.7273,0.6896,0.1687,0.2796,0.523,0.5101,0.514,0.376,0.2548,0.236,0.125,0.5127,0.402,0.5258,0.5029,0.2795,0.8762,0.9167,0.5744,0.2592,0.1754,0.169,0.6092,0.4685,0.1738,0.2857,0.3987,0.4039,0.404,0.3053,0.4589,0.6406,0.8661,0.8718,0.2108,0.2529,0.2739
"Aphyocypris_chinensis",0.4606,0.387,0.5055,0,0.3646,0.5175,0.406,0.383,0.5555,0.6678,0.6177,0.2346,0.3502,0.4767,0.4656,0.5286,0.3914,0.5091,0.6744,0.5875,0.5875,0.6095,0.2291,0.3451,0.5634,0.5651,0.4968,0.4855,0.3887,0.3597,0.6166,0.344,0.1235,0.4335,0.5371,0.5281,0.4557,0.4599,0.5938,0.4759,0.5583,0.7361,0.2289,0.3602,0.4859,0.5768,0.4446,0.452,0.568,0.2403,0.7698,0.3355,0.5478,0.7769,0.4603,0.3478,0.4606,0.7433,0.5688,0.5062,0.4774,0.2312,0.4896,0.5738,0.6529,0.3457,0.4481,0.5736,0.2268,0.3515,0.2407,0.3618,0.3806,0.3805,0.455,0.5835,0.4775,0.5671,0.3628,0.5062,0.5466,0.5377,0.4685,0.459,0.3543,0.5725,0.6541,0.4606,0.2376,0.362,0.3428,0.7006,0.4908,0.6444,0.3817,0.4961,0.5017,0.3963,0.594,0.2316
"Barbatula_nuda",0.2551,0.3643,0.252,0.3646,0,0.5307,0.3747,0.3517,0.4576,0.6809,0.6309,0.1389,0.1434,0.712,0.379,0.6084,0.5157,0.3,0.7987,0.6007,0.6007,0.5116,0.3666,0.1395,0.3657,0.364,0.2877,0.2764,0.5796,0.5684,0.7409,0.5851,0.3611,0.6244,0.7459,0.4301,0.5845,0.238,0.3848,0.4531,0.4604,0.3893,0.5801,0.2622,0.388,0.5922,0.2534,0.2548,0.359,0.1334,0.6718,0.6958,0.6721,0.79,0.3623,0.1569,0.144,0.6009,0.3603,0.6304,0.3795,0.2534,0.1694,0.6981,0.555,0.25,0.3609,0.4932,0.3692,0.4843,0.3462,0.345,0.3618,0.3619,0.4829,0.5967,0.4961,0.5842,0.3671,0.6304,0.6709,0.4398,0.2328,0.2567,0.1452,0.3634,0.6672,0.2551,0.2559,0.3752,0.263,0.4915,0.2818,0.3242,0.6171,0.6203,0.626,0.4094,0.3405,0.467
"Brachymystax_lenok",0.7235,0.6727,0.7764,0.5175,0.5307,0,0.6537,0.6323,0.3713,0.3725,0.3669,0.6162,0.6118,0.3742,0.6074,0.6422,0.4739,0.7205,0.4236,0.2922,0.2922,0.2413,0.6217,0.6168,0.843,0.6191,0.6874,0.6987,0.7733,0.74,0.3214,0.2846,0.5051,0.756,0.6374,0.8239,0.6174,0.7509,0.5903,0.5394,0.3741,0.6142,0.7419,0.4906,0.3649,0.6073,0.7396,0.7322,0.8384,0.6195,0.4167,0.4042,0.2526,0.4816,0.7239,0.5053,0.6125,0.5386,0.8376,0.3447,0.3734,0.5085,0.5834,0.4993,0.4824,0.7273,0.736,0.6106,0.4021,0.4994,0.6457,0.6535,0.6702,0.6703,0.5069,0.6006,0.4845,0.6171,0.608,0.2336,0.2513,0.3536,0.7423,0.7252,0.6077,0.3883,0.5923,0.7236,0.5021,0.5999,0.5092,0.7058,0.4711,0.4602,0.4691,0.2437,0.238,0.5657,0.8568,0.6193
"Carassius_auratus",0.2965,0.1302,0.1227,0.406,0.3747,0.6537,0,0.1341,0.5806,0.9151,0.7539,0.4025,0.2959,0.6129,0.5315,0.567,0.5276,0.3119,0.8106,0.8348,0.8348,0.6346,0.1858,0.292,0.4071,0.5165,0.4108,0.2895,0.3507,0.3797,0.8639,0.5154,0.2914,0.3875,0.5356,0.5532,0.4037,0.1683,0.5078,0.2634,0.5834,0.6234,0.5104,0.2858,0.3999,0.3003,0.1837,0.1851,0.3936,0.388,0.6837,0.7372,0.7951,0.4686,0.288,0.4205,0.4077,0.4484,0.4017,0.309,0.4175,0.1837,0.2925,0.6278,0.5669,0.2914,0.2912,0.5346,0.4106,0.4145,0.2765,0.1553,0.1365,0.0255,0.4132,0.3025,0.4263,0.4034,0.1568,0.7535,0.7939,0.4517,0.3819,0.2981,0.2917,0.5976,0.3458,0.2966,0.1862,0.276,0.5266,0.5188,0.413,0.5584,0.5179,0.7434,0.749,0.088,0.3676,0.1745
"Carassius_gibelio",0.1624,0.0405,0.2553,0.383,0.3517,0.6323,0.1341,0,0.5592,0.8936,0.6214,0.3795,0.2729,0.5914,0.3974,0.4789,0.5062,0.1794,0.6781,0.8134,0.8134,0.6132,0.2739,0.269,0.2729,0.4935,0.3893,0.1558,0.2521,0.2455,0.8425,0.4923,0.2684,0.2727,0.403,0.4206,0.2695,0.2564,0.4864,0.1293,0.562,0.4909,0.3763,0.1517,0.2674,0.3884,0.2718,0.2732,0.3705,0.365,0.6623,0.7142,0.7737,0.5583,0.1538,0.3975,0.3846,0.5825,0.3787,0.3987,0.2834,0.1607,0.3822,0.4937,0.4344,0.3795,0.1571,0.5116,0.3876,0.2804,0.1423,0.0212,0.038,0.1492,0.3902,0.3906,0.4033,0.2693,0.0243,0.732,0.7725,0.3192,0.3589,0.164,0.2687,0.5762,0.4355,0.1624,0.1632,0.2546,0.5036,0.4957,0.39,0.4258,0.4965,0.7219,0.7276,0.1777,0.2335,0.2626
"Channa_argus",0.6504,0.5996,0.7033,0.5555,0.4576,0.3713,0.5806,0.5592,0,0.3345,0.6044,0.5431,0.5387,0.5233,0.5343,0.458,0.4974,0.6247,0.4389,0.5031,0.5031,0.2793,0.5486,0.5437,0.6588,0.4349,0.5032,0.6256,0.5891,0.5558,0.3945,0.5448,0.5431,0.5491,0.6527,0.617,0.6554,0.6778,0.4061,0.6885,0.0561,0.6295,0.5577,0.4175,0.514,0.4231,0.6665,0.6591,0.543,0.5463,0.3209,0.5534,0.3523,0.4702,0.6508,0.4322,0.5394,0.4655,0.5423,0.4938,0.3003,0.4354,0.5103,0.5373,0.1337,0.6542,0.6629,0.4263,0.329,0.4262,0.5726,0.5804,0.5971,0.5972,0.3227,0.4164,0.3003,0.4329,0.5349,0.3827,0.3422,0.24,0.5581,0.6521,0.5345,0.2392,0.2437,0.6505,0.429,0.3046,0.4361,0.5216,0.398,0.3556,0.6182,0.3928,0.3871,0.4926,0.5615,0.6573
"Chanodichthys_erythropterus",0.8738,0.9341,0.9267,0.6678,0.6809,0.3725,0.9151,0.8936,0.3345,0,0.2722,0.7665,0.762,0.4133,0.7577,0.5703,0.3874,0.8458,0.3267,0.1687,0.1687,0.3916,0.8831,0.7671,0.8821,0.6582,0.7265,0.849,0.7013,0.668,0.2822,0.4349,0.6554,0.6591,0.5405,0.8381,0.8787,0.9012,0.6295,0.8007,0.3883,0.6284,0.6699,0.752,0.6263,0.7576,0.8899,0.8824,0.7664,0.7697,0.4309,0.4434,0.2401,0.5802,0.763,0.5444,0.7627,0.5778,0.7656,0.7171,0.6348,0.7699,0.7337,0.6495,0.4682,0.8776,0.7752,0.5386,0.6634,0.7607,0.9071,0.9148,0.9316,0.9317,0.6572,0.7509,0.6347,0.7673,0.8694,0.2727,0.2322,0.5745,0.7814,0.8754,0.7579,0.3492,0.5781,0.8738,0.7635,0.639,0.6594,0.7449,0.6214,0.5789,0.5083,0.2828,0.2771,0.827,0.7849,0.7695
"Chanodichthys_mongolicus",0.6015,0.6619,0.7655,0.6177,0.6309,0.3669,0.7539,0.6214,0.6044,0.2722,0,0.7165,0.712,0.4744,0.5032,0.5202,0.3374,0.5758,0.2789,0.192,0.192,0.4793,0.722,0.717,0.721,0.7193,0.8054,0.5945,0.6513,0.618,0.4434,0.3848,0.6054,0.6113,0.4927,0.6881,0.7176,0.74,0.6995,0.5285,0.6073,0.4695,0.6199,0.4798,0.354,0.7165,0.7287,0.7213,0.8275,0.7197,0.4942,0.5045,0.3746,0.6036,0.4908,0.5033,0.6016,0.6388,0.8267,0.6005,0.3892,0.7199,0.5726,0.4884,0.5159,0.7165,0.5029,0.6174,0.6134,0.4974,0.6348,0.6426,0.6593,0.7706,0.7183,0.7186,0.7314,0.6062,0.5971,0.3782,0.3733,0.3644,0.8425,0.6032,0.7079,0.3992,0.737,0.6016,0.7134,0.8112,0.6094,0.7127,0.6069,0.36,0.5871,0.3795,0.3738,0.7015,0.7349,0.6084
"Cobitis_lutheri",0.2273,0.3898,0.2798,0.2346,0.1389,0.6162,0.4025,0.3795,0.5431,0.7665,0.7165,0,0.1156,0.6865,0.2401,0.7473,0.4902,0.2834,0.8843,0.6863,0.6863,0.5971,0.2277,0.1117,0.3379,0.3362,0.2622,0.2509,0.6074,0.5784,0.8265,0.5573,0.3333,0.6522,0.7559,0.2935,0.5567,0.2458,0.3592,0.4787,0.5459,0.5104,0.459,0.3478,0.4735,0.5644,0.2345,0.227,0.3423,0.0146,0.7574,0.5658,0.7577,0.7645,0.3368,0.2402,0.2273,0.7398,0.3342,0.6049,0.4651,0.2256,0.255,0.5614,0.6405,0.1111,0.342,0.4654,0.2303,0.3453,0.2517,0.3706,0.3873,0.3874,0.4551,0.5712,0.4683,0.5564,0.3593,0.716,0.7565,0.5254,0.2428,0.2289,0.1197,0.449,0.6417,0.2273,0.2281,0.3497,0.1241,0.466,0.2562,0.4098,0.5916,0.7059,0.7116,0.3839,0.3683,0.4503
"Cobitis_melanoleuca",0.1117,0.2832,0.1731,0.3502,0.1434,0.6118,0.2959,0.2729,0.5387,0.762,0.712,0.1156,0,0.5798,0.3468,0.7518,0.3746,0.1767,0.8798,0.6818,0.6818,0.5927,0.3433,0.005,0.2312,0.2295,0.1466,0.1353,0.5007,0.4718,0.822,0.4506,0.2267,0.5456,0.6492,0.4001,0.45,0.1391,0.2437,0.372,0.5415,0.5149,0.5746,0.3434,0.4691,0.4489,0.1278,0.1204,0.2356,0.1301,0.7618,0.6813,0.7532,0.6489,0.2301,0.2357,0.2229,0.7443,0.2275,0.4893,0.4606,0.119,0.2506,0.6681,0.6361,0.2267,0.2354,0.3499,0.3458,0.452,0.3673,0.2639,0.2807,0.2808,0.3396,0.4556,0.3527,0.4497,0.2527,0.7116,0.752,0.5209,0.1362,0.1134,0.0041,0.4446,0.5261,0.1118,0.1125,0.243,0.2307,0.3504,0.1407,0.4054,0.476,0.7015,0.7071,0.2683,0.2616,0.3436
"Coregonus_chadary",0.6916,0.6319,0.7356,0.4767,0.712,0.3742,0.6129,0.5914,0.5233,0.4133,0.4744,0.6865,0.5798,0,0.7044,0.6164,0.3592,0.708,0.42,0.4442,0.4442,0.244,0.692,0.576,0.5799,0.356,0.4646,0.6845,0.5102,0.477,0.2511,0.1327,0.3532,0.5213,0.4027,0.7181,0.4654,0.7101,0.3451,0.4985,0.5261,0.6017,0.59,0.6809,0.5648,0.3621,0.6988,0.6913,0.6864,0.6897,0.5153,0.1412,0.1823,0.3002,0.683,0.7045,0.8027,0.6089,0.6857,0.4739,0.5903,0.4677,0.7907,0.3562,0.6207,0.7976,0.6952,0.3742,0.4723,0.5874,0.716,0.6126,0.6294,0.6295,0.2527,0.3642,0.2659,0.354,0.5672,0.1406,0.1811,0.6166,0.4792,0.6932,0.5757,0.6514,0.5107,0.6916,0.4701,0.448,0.5883,0.4694,0.4747,0.7233,0.1273,0.1362,0.1362,0.5863,0.7049,0.4673
"Cottus_poecilopus",0.235,0.4014,0.4088,0.4656,0.379,0.6074,0.5315,0.3974,0.5343,0.7577,0.5032,0.2401,0.3468,0.7044,0,0.6541,0.4991,0.3012,0.671,0.6775,0.6775,0.5883,0.3476,0.3506,0.3467,0.3484,0.4756,0.2421,0.6253,0.5963,0.8177,0.5717,0.5734,0.6701,0.7737,0.2936,0.5723,0.3657,0.3593,0.4903,0.5371,0.5283,0.4678,0.3568,0.4825,0.4534,0.3544,0.347,0.4713,0.2546,0.6641,0.5746,0.7489,0.6446,0.3547,0.4534,0.3461,0.7577,0.4632,0.485,0.234,0.4589,0.3751,0.3482,0.4095,0.2401,0.3514,0.4476,0.2391,0.117,0.2605,0.3794,0.3961,0.5073,0.455,0.4512,0.4563,0.3504,0.3772,0.7072,0.7477,0.2943,0.4829,0.2334,0.3509,0.4402,0.5218,0.235,0.4565,0.5898,0.124,0.3461,0.2474,0.1788,0.805,0.6971,0.7028,0.4862,0.3861,0.5793
"Ctenopharyngodon_idella",0.6413,0.4749,0.6897,0.5286,0.6084,0.6422,0.567,0.4789,0.458,0.5703,0.5202,0.7473,0.7518,0.6164,0.6541,0,0.6273,0.6338,0.3547,0.7123,0.7123,0.6302,0.6417,0.7479,0.6407,0.7502,0.734,0.6342,0.251,0.28,0.6303,0.6379,0.5251,0.2649,0.413,0.6528,0.5262,0.7353,0.7392,0.6082,0.4608,0.612,0.2997,0.4084,0.5049,0.6451,0.7507,0.7521,0.6272,0.7328,0.5612,0.6376,0.5615,0.7905,0.6328,0.6542,0.6413,0.3408,0.6354,0.6402,0.4289,0.6396,0.6144,0.6392,0.3334,0.7473,0.636,0.7683,0.6443,0.5371,0.5101,0.5001,0.4813,0.5925,0.6469,0.6473,0.66,0.526,0.4991,0.5291,0.5602,0.4402,0.7267,0.6429,0.7476,0.6973,0.5566,0.6413,0.6421,0.5088,0.7603,0.7524,0.7578,0.5469,0.6269,0.5303,0.5246,0.6321,0.4902,0.5192
"Culter_alburnus",0.4863,0.5467,0.5392,0.3914,0.5157,0.4739,0.5276,0.5062,0.4974,0.3874,0.3374,0.4902,0.3746,0.3592,0.4991,0.6273,0,0.4688,0.6163,0.3072,0.3072,0.5863,0.6068,0.3796,0.6058,0.3819,0.468,0.4793,0.5361,0.5028,0.5585,0.2696,0.2679,0.5043,0.6079,0.6922,0.6024,0.5137,0.362,0.6355,0.5002,0.8069,0.6158,0.5868,0.6833,0.4902,0.5024,0.495,0.6012,0.4934,0.7205,0.5004,0.4898,0.6077,0.3756,0.3881,0.5975,0.857,0.6004,0.3741,0.4962,0.3824,0.5685,0.7065,0.6229,0.6013,0.3877,0.28,0.3871,0.4933,0.6307,0.5274,0.5441,0.5443,0.3808,0.4923,0.394,0.491,0.4819,0.4853,0.4885,0.4796,0.5051,0.488,0.3705,0.2922,0.5107,0.4864,0.376,0.4738,0.3831,0.4864,0.2695,0.4752,0.4719,0.4865,0.4808,0.4751,0.6197,0.3821
"Cyprinus_carpio",0.0662,0.2199,0.2124,0.5091,0.3,0.7205,0.3119,0.1794,0.6247,0.8458,0.5758,0.2834,0.1767,0.708,0.3012,0.6338,0.4688,0,0.7209,0.7451,0.7451,0.7218,0.4,0.1728,0.1768,0.3973,0.27,0.0592,0.4315,0.3983,0.8854,0.6184,0.3945,0.3689,0.4725,0.2412,0.3956,0.1869,0.3863,0.3087,0.6048,0.3552,0.5112,0.2778,0.3743,0.5145,0.1756,0.1771,0.2744,0.2777,0.7051,0.8402,0.8279,0.6011,0.1688,0.4124,0.2885,0.7524,0.2825,0.5096,0.4094,0.2868,0.2595,0.6197,0.5361,0.2834,0.1721,0.5266,0.5136,0.4065,0.3039,0.2006,0.2173,0.3286,0.5163,0.5166,0.5294,0.3953,0.1551,0.8429,0.838,0.3847,0.2894,0.0678,0.1726,0.5079,0.535,0.0663,0.2892,0.3781,0.4074,0.3996,0.2938,0.2691,0.6073,0.8441,0.8385,0.2772,0.1817,0.3886
"Elopichthys_bambusa",0.7693,0.7185,0.9333,0.6744,0.7987,0.4236,0.8106,0.6781,0.4389,0.3267,0.2789,0.8843,0.8798,0.42,0.671,0.3547,0.6163,0.7209,0,0.3802,0.3802,0.4249,0.7787,0.8848,0.7777,0.776,0.8621,0.7623,0.4858,0.4525,0.2756,0.4415,0.662,0.4231,0.2751,0.7108,0.6632,0.9078,0.7561,0.5852,0.3828,0.5205,0.4544,0.5365,0.4107,0.662,0.8965,0.8891,0.7731,0.8875,0.238,0.45,0.3088,0.5242,0.7697,0.7822,0.7694,0.4733,0.7723,0.6571,0.4459,0.7766,0.7404,0.434,0.3504,0.8843,0.7818,0.7852,0.6701,0.554,0.6915,0.6993,0.716,0.8273,0.6638,0.6642,0.677,0.5518,0.6538,0.3238,0.3189,0.4211,0.8992,0.771,0.8757,0.6441,0.5715,0.7694,0.7701,0.6457,0.7772,0.7694,0.7747,0.5278,0.5327,0.325,0.3194,0.7581,0.6804,0.6651
"Esox_lucius",0.7935,0.8539,0.8465,0.5875,0.6007,0.2922,0.8348,0.8134,0.5031,0.1687,0.192,0.6863,0.6818,0.4442,0.6775,0.7123,0.3072,0.7451,0.3802,0,0,0.4224,0.8029,0.6868,0.913,0.6891,0.7574,0.7687,0.8433,0.81,0.2513,0.3546,0.5751,0.7807,0.6326,0.8372,0.9096,0.8209,0.6604,0.7205,0.4737,0.6559,0.8119,0.6718,0.546,0.7885,0.8096,0.8022,0.9084,0.6895,0.4844,0.4743,0.2619,0.5884,0.6828,0.4642,0.6825,0.7198,0.9076,0.6369,0.5545,0.6897,0.6535,0.6804,0.6368,0.7974,0.695,0.5695,0.5832,0.6805,0.8268,0.8346,0.8514,0.8515,0.688,0.7818,0.6656,0.7982,0.7891,0.3036,0.272,0.4942,0.8123,0.7952,0.6777,0.2639,0.7468,0.7936,0.6832,0.781,0.5792,0.7758,0.5411,0.4987,0.5391,0.3137,0.308,0.7468,0.9269,0.6893
"Esox_reichertii",0.7935,0.8539,0.8465,0.5875,0.6007,0.2922,0.8348,0.8134,0.5031,0.1687,0.192,0.6863,0.6818,0.4442,0.6775,0.7123,0.3072,0.7451,0.3802,0,0,0.4224,0.8029,0.6868,0.913,0.6891,0.7574,0.7687,0.8433,0.81,0.2513,0.3546,0.5751,0.7807,0.6326,0.8372,0.9096,0.8209,0.6604,0.7205,0.4737,0.6559,0.8119,0.6718,0.546,0.7885,0.8096,0.8022,0.9084,0.6895,0.4844,0.4743,0.2619,0.5884,0.6828,0.4642,0.6825,0.7198,0.9076,0.6369,0.5545,0.6897,0.6535,0.6804,0.6368,0.7974,0.695,0.5695,0.5832,0.6805,0.8268,0.8346,0.8514,0.8515,0.688,0.7818,0.6656,0.7982,0.7891,0.3036,0.272,0.4942,0.8123,0.7952,0.6777,0.2639,0.7468,0.7936,0.6832,0.781,0.5792,0.7758,0.5411,0.4987,0.5391,0.3137,0.308,0.7468,0.9269,0.6893
"Eudontomyzon_morii",0.7044,0.6537,0.7573,0.6095,0.5116,0.2413,0.6346,0.6132,0.2793,0.3916,0.4793,0.5971,0.5927,0.244,0.5883,0.6302,0.5863,0.7218,0.4249,0.4224,0.4224,0,0.6026,0.5977,0.6017,0.3778,0.4517,0.6796,0.7542,0.7209,0.2293,0.3766,0.5971,0.7573,0.6387,0.603,0.5983,0.7318,0.349,0.5203,0.2821,0.3933,0.7228,0.4716,0.3475,0.366,0.7205,0.7131,0.7082,0.6004,0.3069,0.274,0.1605,0.2785,0.7048,0.4862,0.5934,0.4084,0.7074,0.5656,0.3543,0.4894,0.5734,0.2579,0.3767,0.7083,0.717,0.3692,0.383,0.4803,0.6266,0.6344,0.6511,0.6512,0.2656,0.3593,0.2521,0.3758,0.5889,0.1211,0.1593,0.3727,0.501,0.7061,0.5886,0.4074,0.489,0.7045,0.483,0.4697,0.4901,0.4645,0.4609,0.4793,0.3389,0.1224,0.1167,0.5645,0.7266,0.7113
"Gnathopogon_strigatus",0.3427,0.2779,0.2853,0.2291,0.3666,0.6217,0.1858,0.2739,0.5486,0.8831,0.722,0.2277,0.3433,0.692,0.3476,0.6417,0.6068,0.4,0.7787,0.8029,0.8029,0.6026,0,0.3383,0.4454,0.5582,0.4899,0.3675,0.5018,0.4728,0.832,0.5594,0.3388,0.5466,0.6503,0.4101,0.4488,0.2403,0.587,0.3668,0.5514,0.627,0.3424,0.2422,0.3679,0.3477,0.229,0.2229,0.4589,0.2423,0.6518,0.5603,0.7632,0.5478,0.3423,0.3458,0.3426,0.5231,0.4508,0.3882,0.3594,0.2243,0.2605,0.4558,0.5349,0.1166,0.339,0.571,0.2248,0.2335,0.1351,0.254,0.2715,0.1603,0.4496,0.3544,0.4706,0.4491,0.2537,0.7215,0.762,0.4197,0.4706,0.341,0.3474,0.5656,0.425,0.3426,0.2307,0.3552,0.3408,0.5826,0.484,0.5264,0.5971,0.7114,0.7171,0.1672,0.4849,0.2336
"Gobio_cynocephalus",0.1156,0.2782,0.1693,0.3451,0.1395,0.6168,0.292,0.269,0.5437,0.7671,0.717,0.1117,0.005,0.576,0.3506,0.7479,0.3796,0.1728,0.8848,0.6868,0.6868,0.5977,0.3383,0,0.2262,0.2245,0.1517,0.1403,0.4968,0.4679,0.8271,0.4456,0.2228,0.5417,0.6453,0.4051,0.445,0.1341,0.2487,0.367,0.5465,0.511,0.5695,0.3484,0.4741,0.4539,0.1228,0.1154,0.2318,0.1262,0.7579,0.6763,0.7583,0.6539,0.2262,0.2396,0.2268,0.7404,0.2236,0.4944,0.4656,0.1139,0.2556,0.6731,0.6411,0.2228,0.2304,0.3538,0.3408,0.4559,0.3622,0.2589,0.2756,0.2758,0.3434,0.4606,0.3566,0.4447,0.2488,0.7166,0.757,0.5259,0.1323,0.1173,0.0091,0.4496,0.5311,0.1157,0.1164,0.2391,0.2346,0.3555,0.1457,0.4104,0.481,0.7065,0.7121,0.2734,0.2577,0.3398
"Gobio_soldatovi",0.1195,0.2769,0.2843,0.5634,0.3657,0.843,0.4071,0.2729,0.6588,0.8821,0.721,0.3379,0.2312,0.5799,0.3467,0.6407,0.6058,0.1768,0.7777,0.913,0.913,0.6017,0.4454,0.2262,0,0.2239,0.1556,0.1443,0.3897,0.3607,0.831,0.6695,0.449,0.4346,0.5382,0.1869,0.2256,0.2412,0.2527,0.3659,0.6616,0.2927,0.4545,0.3523,0.4781,0.3468,0.23,0.2225,0.2357,0.3524,0.7619,0.6724,0.7622,0.5468,0.2302,0.4579,0.3416,0.7444,0.2276,0.6094,0.4696,0.3345,0.3707,0.4548,0.534,0.3379,0.227,0.3498,0.5591,0.4548,0.3583,0.2549,0.2717,0.3829,0.3395,0.3535,0.3585,0.2259,0.2528,0.7205,0.761,0.5299,0.1363,0.1178,0.2353,0.6758,0.5351,0.1194,0.3409,0.3542,0.4529,0.2483,0.3719,0.4143,0.485,0.7104,0.7161,0.3884,0.1506,0.4548
"Gobiobotia_pappenheimi",0.34,0.4981,0.3938,0.5651,0.364,0.6191,0.5165,0.4935,0.4349,0.6582,0.7193,0.3362,0.2295,0.356,0.3484,0.7502,0.3819,0.3973,0.776,0.6891,0.6891,0.3778,0.5582,0.2245,0.2239,0,0.1539,0.3648,0.6102,0.5813,0.6071,0.4456,0.4473,0.6551,0.7587,0.4074,0.4461,0.3541,0.0287,0.587,0.4377,0.5132,0.6784,0.5729,0.6986,0.2339,0.3428,0.3353,0.3451,0.3507,0.6491,0.4518,0.5383,0.434,0.4507,0.4596,0.451,0.7427,0.337,0.4966,0.4679,0.3339,0.4801,0.4531,0.5323,0.4473,0.4503,0.1293,0.3385,0.4536,0.5822,0.4788,0.4956,0.4957,0.119,0.2407,0.1346,0.2242,0.4733,0.4966,0.5371,0.5282,0.1346,0.3383,0.2336,0.4519,0.4223,0.3399,0.3392,0.3525,0.2323,0.1355,0.148,0.4126,0.4833,0.4865,0.4922,0.4978,0.3711,0.5643
"Hemibarbus_labeo",0.2584,0.4298,0.3113,0.4968,0.2877,0.6874,0.4108,0.3893,0.5032,0.7265,0.8054,0.2622,0.1466,0.4646,0.4756,0.734,0.468,0.27,0.8621,0.7574,0.7574,0.4517,0.4899,0.1517,0.1556,0.1539,0,0.2336,0.5304,0.4971,0.6754,0.5972,0.3733,0.5278,0.6315,0.2624,0.3744,0.2858,0.1252,0.5187,0.506,0.386,0.6101,0.4699,0.5664,0.3644,0.2745,0.267,0.2621,0.2654,0.7441,0.6058,0.6066,0.5023,0.3699,0.3735,0.3695,0.7401,0.2613,0.5729,0.5838,0.2656,0.3439,0.5897,0.6006,0.3733,0.382,0.2565,0.4925,0.5898,0.5139,0.4105,0.4273,0.4274,0.264,0.3577,0.2593,0.3742,0.3651,0.5729,0.6054,0.5965,0.0549,0.26,0.1425,0.5202,0.4906,0.2584,0.2592,0.2459,0.3774,0.2406,0.246,0.4809,0.3373,0.5741,0.5684,0.3439,0.2806,0.4874
"Hemibarbus_maculatus",0.0248,0.1963,0.1888,0.4855,0.2764,0.6987,0.2895,0.1558,0.6256,0.849,0.5945,0.2509,0.1353,0.6845,0.2421,0.6342,0.4793,0.0592,0.7623,0.7687,0.7687,0.6796,0.3675,0.1403,0.1443,0.3648,0.2336,0,0.4079,0.3746,0.909,0.5859,0.362,0.428,0.5317,0.2737,0.3631,0.1633,0.3395,0.2851,0.6284,0.3973,0.4876,0.2364,0.3516,0.4642,0.152,0.1446,0.2508,0.2541,0.7554,0.8166,0.8402,0.6247,0.1363,0.3622,0.2471,0.7379,0.25,0.4651,0.3502,0.2543,0.2441,0.5783,0.5008,0.2509,0.1484,0.4674,0.4811,0.3562,0.2803,0.177,0.1937,0.305,0.4749,0.4575,0.4702,0.3628,0.1351,0.7985,0.8389,0.3856,0.2658,0.0265,0.1312,0.5315,0.5019,0.0249,0.2478,0.3477,0.366,0.3404,0.2346,0.27,0.5629,0.7884,0.794,0.2441,0.1581,0.365
"Hemiculter_bleekeri",0.3902,0.2328,0.4502,0.3887,0.5796,0.7733,0.3507,0.2521,0.5891,0.7013,0.6513,0.6074,0.5007,0.5102,0.6253,0.251,0.5361,0.4315,0.4858,0.8433,0.8433,0.7542,0.5018,0.4968,0.3897,0.6102,0.5304,0.4079,0,0.0333,0.7613,0.498,0.2741,0.0626,0.2107,0.5616,0.2752,0.4843,0.6274,0.3572,0.5919,0.6319,0.1597,0.3938,0.5195,0.5052,0.4997,0.5011,0.3794,0.5983,0.6922,0.6087,0.6925,0.6993,0.3827,0.6254,0.6125,0.5769,0.3843,0.5397,0.5112,0.3886,0.6343,0.6104,0.4643,0.6074,0.385,0.6284,0.6154,0.5083,0.3702,0.2491,0.2303,0.3415,0.507,0.5073,0.5201,0.386,0.2764,0.6508,0.6913,0.5713,0.4757,0.3919,0.499,0.8283,0.4654,0.3903,0.391,0.2845,0.7315,0.623,0.6355,0.678,0.4153,0.6407,0.6464,0.4298,0.2498,0.2682
"Hemiculter_leucisculus",0.3613,0.2661,0.4809,0.3597,0.5684,0.74,0.3797,0.2455,0.5558,0.668,0.618,0.5784,0.4718,0.477,0.5963,0.28,0.5028,0.3983,0.4525,0.81,0.81,0.7209,0.4728,0.4679,0.3607,0.5813,0.4971,0.3746,0.0333,0,0.728,0.469,0.2451,0.0738,0.1774,0.5284,0.2462,0.4553,0.5941,0.3549,0.5586,0.5986,0.1308,0.3605,0.4862,0.4762,0.4707,0.4721,0.3472,0.565,0.6589,0.5798,0.6593,0.6661,0.3528,0.5964,0.5836,0.6059,0.3554,0.5065,0.4823,0.3596,0.601,0.5815,0.431,0.5784,0.356,0.5994,0.5865,0.4793,0.3501,0.2468,0.2635,0.3748,0.478,0.4784,0.4911,0.3571,0.2431,0.6176,0.658,0.538,0.4467,0.3629,0.4676,0.795,0.4321,0.3613,0.3621,0.2512,0.7025,0.5898,0.6022,0.6447,0.382,0.6075,0.6131,0.3966,0.2343,0.2392
"Hucho_taimen",0.9338,0.883,0.9867,0.6166,0.7409,0.3214,0.8639,0.8425,0.3945,0.2822,0.4434,0.8265,0.822,0.2511,0.8177,0.6303,0.5585,0.8854,0.2756,0.2513,0.2513,0.2293,0.832,0.8271,0.831,0.6071,0.6754,0.909,0.7613,0.728,0,0.3837,0.6043,0.6987,0.5506,0.7552,0.7165,0.9612,0.5784,0.7496,0.3917,0.5739,0.7299,0.7009,0.5752,0.5954,0.9499,0.9424,0.9375,0.8297,0.4024,0.2812,0.0688,0.3953,0.9341,0.7156,0.8227,0.6378,0.9367,0.666,0.5837,0.7188,0.7937,0.4873,0.5193,0.9376,0.9463,0.5986,0.6123,0.7096,0.856,0.8637,0.8805,0.8806,0.4949,0.5887,0.4725,0.6051,0.8183,0.1105,0.07,0.5234,0.7303,0.9354,0.8179,0.4886,0.6293,0.9338,0.7123,0.699,0.7194,0.6938,0.6814,0.6389,0.346,0.1206,0.1149,0.7759,0.956,0.7184
"Hypomesus_nipponensis",0.5611,0.4993,0.6148,0.344,0.5851,0.2846,0.5154,0.4923,0.5448,0.4349,0.3848,0.5573,0.4506,0.1327,0.5717,0.6379,0.2696,0.6184,0.4415,0.3546,0.3546,0.3766,0.5594,0.4456,0.6695,0.4456,0.5972,0.5859,0.498,0.469,0.3837,0,0.2239,0.5428,0.4242,0.8507,0.5561,0.5774,0.472,0.3659,0.5476,0.7343,0.5684,0.5717,0.4752,0.455,0.5661,0.5587,0.6773,0.5718,0.5368,0.2307,0.3149,0.4329,0.5607,0.5718,0.6721,0.6304,0.6692,0.3844,0.4668,0.335,0.7012,0.452,0.6422,0.6684,0.5626,0.4637,0.3397,0.4548,0.5833,0.48,0.4967,0.4968,0.3423,0.4617,0.3557,0.4453,0.4722,0.2733,0.3137,0.5271,0.5779,0.5606,0.4547,0.5618,0.5323,0.561,0.3381,0.4625,0.4557,0.5788,0.369,0.6337,0.2599,0.2632,0.2688,0.4967,0.7033,0.3409
"Hypomesus_olidus",0.3384,0.2787,0.3909,0.1235,0.3611,0.5051,0.2914,0.2684,0.5431,0.6554,0.6054,0.3333,0.2267,0.3532,0.5734,0.5251,0.2679,0.3945,0.662,0.5751,0.5751,0.5971,0.3388,0.2228,0.449,0.4473,0.3733,0.362,0.2741,0.2451,0.6043,0.2239,0,0.3189,0.4225,0.6268,0.3345,0.3569,0.4703,0.3676,0.5459,0.7326,0.3479,0.3478,0.4735,0.4533,0.3456,0.3382,0.4534,0.3479,0.7574,0.4547,0.5355,0.6534,0.3368,0.3513,0.4496,0.7398,0.4453,0.3827,0.4651,0.1145,0.4772,0.6725,0.6405,0.4444,0.342,0.4654,0.3414,0.4565,0.3628,0.2595,0.2762,0.2763,0.344,0.46,0.3571,0.4453,0.2482,0.4938,0.5342,0.5254,0.3539,0.34,0.2308,0.5601,0.5306,0.3385,0.117,0.2385,0.4574,0.5771,0.3673,0.632,0.2582,0.4837,0.4893,0.2728,0.4794,0.117
"Hypophthalmichthys_molitrix",0.4351,0.2954,0.5102,0.4335,0.6244,0.756,0.3875,0.2727,0.5491,0.6591,0.6113,0.6522,0.5456,0.5213,0.6701,0.2649,0.5043,0.3689,0.4231,0.7807,0.7807,0.7573,0.5466,0.5417,0.4346,0.6551,0.5278,0.428,0.0626,0.0738,0.6987,0.5428,0.3189,0,0.1481,0.499,0.32,0.5291,0.6441,0.402,0.5293,0.5863,0.2046,0.4244,0.5209,0.55,0.5445,0.546,0.421,0.6377,0.6296,0.6536,0.6412,0.6367,0.4266,0.6702,0.6574,0.6057,0.4292,0.5451,0.5561,0.4334,0.6283,0.6553,0.4606,0.6522,0.4298,0.6732,0.6603,0.5531,0.4151,0.2939,0.2929,0.4041,0.5518,0.5522,0.5649,0.4309,0.2929,0.6562,0.6513,0.5313,0.5205,0.4367,0.5414,0.7657,0.4595,0.4351,0.4359,0.3026,0.7763,0.6574,0.6627,0.638,0.4207,0.6575,0.6518,0.4239,0.284,0.313
"Hypophthalmichthys_nobilis",0.5387,0.4435,0.6583,0.5371,0.7459,0.6374,0.5356,0.403,0.6527,0.5405,0.4927,0.7559,0.6492,0.4027,0.7737,0.413,0.6079,0.4725,0.2751,0.6326,0.6326,0.6387,0.6503,0.6453,0.5382,0.7587,0.6315,0.5317,0.2107,0.1774,0.5506,0.4242,0.4225,0.1481,0,0.5913,0.4237,0.6328,0.7478,0.3101,0.6034,0.4677,0.3082,0.5281,0.4023,0.6537,0.6481,0.6496,0.5247,0.7413,0.4815,0.535,0.5226,0.5158,0.5302,0.7738,0.761,0.5316,0.5328,0.6488,0.6597,0.5371,0.732,0.5367,0.5642,0.7559,0.5335,0.7769,0.7639,0.6568,0.5276,0.4242,0.441,0.5522,0.6554,0.6558,0.6686,0.5345,0.3965,0.5376,0.5327,0.635,0.6241,0.5404,0.6451,0.858,0.5631,0.5388,0.5395,0.4062,0.8799,0.761,0.7663,0.7416,0.3021,0.5389,0.5332,0.5275,0.4054,0.4167
"Ictalurus_punctatus",0.2896,0.4611,0.4537,0.5281,0.4301,0.8239,0.5532,0.4206,0.617,0.8381,0.6881,0.2935,0.4001,0.7181,0.2936,0.6528,0.6922,0.2412,0.7108,0.8372,0.8372,0.603,0.4101,0.4051,0.1869,0.4074,0.2624,0.2737,0.5616,0.5284,0.7552,0.8507,0.6268,0.499,0.5913,0,0.4057,0.4281,0.3787,0.5499,0.5858,0.2631,0.4191,0.3901,0.4866,0.5068,0.4168,0.4094,0.4045,0.2967,0.7039,0.637,0.7091,0.5912,0.4011,0.5159,0.4008,0.7714,0.4037,0.7241,0.5129,0.5191,0.3718,0.3987,0.5285,0.2935,0.4133,0.5189,0.5237,0.3988,0.3229,0.4418,0.4586,0.5698,0.5175,0.509,0.5217,0.4054,0.3963,0.7241,0.7192,0.4881,0.3084,0.2913,0.396,0.6,0.6385,0.2897,0.5127,0.4994,0.4086,0.3919,0.5083,0.3726,0.5997,0.7254,0.7197,0.4918,0.3119,0.6298
"Ladislavia_taczanowskii",0.3383,0.2776,0.5032,0.4557,0.5845,0.6174,0.4037,0.2695,0.6554,0.8787,0.7176,0.5567,0.45,0.4654,0.5723,0.5262,0.6024,0.3956,0.6632,0.9096,0.9096,0.5983,0.4488,0.445,0.2256,0.4461,0.3744,0.3631,0.2752,0.2462,0.7165,0.5561,0.3345,0.32,0.4237,0.4057,0,0.4669,0.4715,0.3664,0.6582,0.5115,0.3468,0.3489,0.4747,0.3434,0.4556,0.4481,0.4546,0.5712,0.7585,0.5646,0.6477,0.5434,0.3379,0.5724,0.5605,0.741,0.4464,0.3838,0.4662,0.3356,0.5895,0.4514,0.5306,0.5567,0.3409,0.4643,0.5625,0.4553,0.3617,0.2583,0.2751,0.3863,0.3429,0.3501,0.356,0.2225,0.2494,0.606,0.6465,0.5265,0.3551,0.3389,0.4542,0.7835,0.5317,0.3382,0.3381,0.3508,0.6785,0.4671,0.5907,0.6332,0.3705,0.5959,0.6016,0.385,0.3694,0.3403
"Lefua_costata",0.1385,0.2604,0.0456,0.4599,0.238,0.7509,0.1683,0.2564,0.6778,0.9012,0.74,0.2458,0.1391,0.7101,0.3657,0.7353,0.5137,0.1869,0.9078,0.8209,0.8209,0.7318,0.2403,0.1341,0.2412,0.3541,0.2858,0.1633,0.4843,0.4553,0.9612,0.5774,0.3569,0.5291,0.6328,0.4281,0.4669,0,0.3828,0.3493,0.6806,0.4984,0.5646,0.3714,0.4971,0.3658,0.0154,0.0187,0.2459,0.2426,0.7809,0.7911,0.8924,0.5658,0.2492,0.3633,0.2495,0.6167,0.2466,0.4062,0.4886,0.2424,0.1675,0.6961,0.6641,0.1347,0.2371,0.4774,0.4645,0.4738,0.3393,0.2359,0.254,0.1428,0.4671,0.3725,0.4886,0.4672,0.254,0.8507,0.8911,0.5489,0.2308,0.1368,0.1433,0.5837,0.443,0.1384,0.2488,0.3732,0.3583,0.3784,0.2798,0.4334,0.6151,0.8406,0.8462,0.1852,0.2452,0.2428
"Leiocassis_longirostris",0.3554,0.5268,0.4083,0.5938,0.3848,0.5903,0.5078,0.4864,0.4061,0.6295,0.6995,0.3592,0.2437,0.3451,0.3593,0.7392,0.362,0.3863,0.7561,0.6604,0.6604,0.349,0.587,0.2487,0.2527,0.0287,0.1252,0.3395,0.6274,0.5941,0.5784,0.472,0.4703,0.6441,0.7478,0.3787,0.4715,0.3828,0,0.6157,0.4089,0.5023,0.7071,0.567,0.6788,0.2392,0.3715,0.364,0.3591,0.3624,0.6381,0.4806,0.5096,0.4053,0.4669,0.4705,0.4666,0.7317,0.3584,0.4679,0.4675,0.3626,0.4602,0.4645,0.5035,0.4703,0.479,0.1402,0.3673,0.4646,0.6109,0.5076,0.5243,0.5244,0.1388,0.2414,0.143,0.249,0.4623,0.4679,0.5083,0.4995,0.152,0.3571,0.2395,0.4231,0.3936,0.3555,0.3562,0.3429,0.2522,0.1243,0.1297,0.3839,0.4546,0.4578,0.4634,0.4691,0.3776,0.5845
"Leuciscus_waleckii",0.2603,0.1334,0.3629,0.4759,0.4531,0.5394,0.2634,0.1293,0.6885,0.8007,0.5285,0.4787,0.372,0.4985,0.4903,0.6082,0.6355,0.3087,0.5852,0.7205,0.7205,0.5203,0.3668,0.367,0.3659,0.587,0.5187,0.2851,0.3572,0.3549,0.7496,0.3659,0.3676,0.402,0.3101,0.5499,0.3664,0.3493,0.6157,0,0.6913,0.398,0.4692,0.2709,0.1744,0.4876,0.3647,0.3661,0.4788,0.4755,0.5694,0.5849,0.6808,0.4654,0.2599,0.4904,0.4824,0.4896,0.4795,0.528,0.3882,0.2536,0.5115,0.3734,0.5637,0.4787,0.25,0.6045,0.4805,0.3733,0.2352,0.1141,0.1309,0.2421,0.4831,0.4943,0.4993,0.3667,0.1536,0.6391,0.6796,0.4485,0.4637,0.2586,0.3761,0.7055,0.5648,0.2602,0.2595,0.3839,0.5965,0.6113,0.5127,0.5551,0.4036,0.629,0.6347,0.307,0.3492,0.3645
"Lota_lota",0.6532,0.6024,0.7061,0.5583,0.4604,0.3741,0.5834,0.562,0.0561,0.3883,0.6073,0.5459,0.5415,0.5261,0.5371,0.4608,0.5002,0.6048,0.3828,0.4737,0.4737,0.2821,0.5514,0.5465,0.6616,0.4377,0.506,0.6284,0.5919,0.5586,0.3917,0.5476,0.5459,0.5293,0.6034,0.5858,0.6582,0.6806,0.4089,0.6913,0,0.6266,0.5605,0.4204,0.5168,0.4259,0.6693,0.6619,0.5459,0.5492,0.2648,0.5562,0.3705,0.4748,0.6536,0.435,0.5422,0.4683,0.5451,0.4966,0.3031,0.4382,0.5132,0.5401,0.1898,0.6571,0.6657,0.4291,0.3318,0.4291,0.5754,0.5832,0.5999,0.6,0.3255,0.4192,0.3031,0.4357,0.5377,0.3855,0.3806,0.2606,0.5609,0.6549,0.5374,0.2614,0.2998,0.6533,0.4318,0.3074,0.4389,0.5244,0.4008,0.3673,0.621,0.3956,0.3899,0.4954,0.5643,0.6601
"Luciobarbus_capito",0.4044,0.5314,0.5239,0.7361,0.3893,0.6142,0.6234,0.4909,0.6295,0.6284,0.4695,0.5104,0.5149,0.6017,0.5283,0.612,0.8069,0.3552,0.5205,0.6559,0.6559,0.3933,0.627,0.511,0.2927,0.5132,0.386,0.3973,0.6319,0.5986,0.5739,0.7343,0.7326,0.5863,0.4677,0.2631,0.5115,0.4984,0.5023,0.398,0.6266,0,0.6183,0.3937,0.268,0.6304,0.5138,0.5152,0.5014,0.4959,0.5047,0.6229,0.5051,0.5119,0.507,0.5284,0.4044,0.5083,0.5096,0.8477,0.5254,0.6249,0.3754,0.4023,0.541,0.5104,0.5102,0.6425,0.7407,0.6335,0.5043,0.5121,0.5288,0.6401,0.6322,0.6326,0.6453,0.5113,0.4844,0.5144,0.5095,0.5006,0.3787,0.406,0.5107,0.6408,0.7621,0.4044,0.6274,0.6052,0.6345,0.5155,0.632,0.3851,0.5011,0.5156,0.51,0.6154,0.3821,0.7268
"Macropodus_chinensis",0.4628,0.3803,0.6099,0.2289,0.5801,0.7419,0.5104,0.3763,0.5577,0.6699,0.6199,0.459,0.5746,0.59,0.4678,0.2997,0.6158,0.5112,0.4544,0.8119,0.8119,0.7228,0.3424,0.5695,0.4545,0.6784,0.6101,0.4876,0.1597,0.1308,0.7299,0.5684,0.3479,0.2046,0.3082,0.4191,0.3468,0.5646,0.7071,0.4692,0.5605,0.6183,0,0.3624,0.4881,0.579,0.5622,0.5653,0.4591,0.4558,0.6608,0.449,0.6611,0.779,0.4625,0.5767,0.5739,0.6255,0.4599,0.6195,0.4796,0.4556,0.6029,0.4649,0.4329,0.459,0.4503,0.6909,0.4557,0.3537,0.2371,0.356,0.3739,0.4849,0.5695,0.5857,0.5907,0.4582,0.3561,0.6195,0.6599,0.5399,0.5729,0.4612,0.5787,0.7969,0.5451,0.4628,0.462,0.3642,0.5717,0.7028,0.7152,0.6466,0.495,0.6093,0.615,0.5096,0.3651,0.3449
"Megalobrama_skolkovii",0.2329,0.1821,0.3969,0.3602,0.2622,0.4906,0.2858,0.1517,0.4175,0.752,0.4798,0.3478,0.3434,0.6809,0.3568,0.4084,0.5868,0.2778,0.5365,0.6718,0.6718,0.4716,0.2422,0.3484,0.3523,0.5729,0.4699,0.2364,0.3938,0.3605,0.7009,0.5717,0.3478,0.4244,0.5281,0.3901,0.3489,0.3714,0.567,0.2709,0.4204,0.3937,0.3624,0,0.1257,0.4589,0.3601,0.3526,0.4588,0.351,0.5296,0.6914,0.6321,0.6389,0.2332,0.2458,0.2329,0.512,0.4581,0.4793,0.1316,0.2401,0.2405,0.4531,0.2927,0.3478,0.2454,0.5821,0.3559,0.2398,0.1551,0.1628,0.1796,0.2908,0.4607,0.4611,0.4738,0.3487,0.1315,0.5904,0.6309,0.1775,0.4739,0.2345,0.3392,0.4345,0.5161,0.2329,0.2337,0.3441,0.463,0.5663,0.464,0.2842,0.5771,0.5803,0.586,0.2583,0.3662,0.3508
"Megalobrama_terminalis",0.3586,0.3078,0.5226,0.4859,0.388,0.3649,0.3999,0.2674,0.514,0.6263,0.354,0.4735,0.4691,0.5648,0.4825,0.5049,0.6833,0.3743,0.4107,0.546,0.546,0.3475,0.3679,0.4741,0.4781,0.6986,0.5664,0.3516,0.5195,0.4862,0.5752,0.4752,0.4735,0.5209,0.4023,0.4866,0.4747,0.4971,0.6788,0.1744,0.5168,0.268,0.4881,0.1257,0,0.5847,0.4858,0.4784,0.5846,0.4768,0.4038,0.5949,0.5064,0.5132,0.359,0.3715,0.3587,0.3959,0.5838,0.5798,0.2574,0.3658,0.337,0.3566,0.3892,0.4735,0.3711,0.7079,0.4816,0.3656,0.2808,0.2886,0.3053,0.4165,0.5865,0.5868,0.5996,0.4744,0.2431,0.4687,0.5051,0.274,0.5996,0.3603,0.465,0.531,0.6126,0.3587,0.3594,0.4572,0.5887,0.692,0.5862,0.3807,0.4553,0.4699,0.4642,0.3548,0.4919,0.4766
"Mesocottus_haitej",0.4495,0.3987,0.3998,0.5768,0.5922,0.6073,0.3003,0.3884,0.4231,0.7576,0.7165,0.5644,0.4489,0.3621,0.4534,0.6451,0.4902,0.5145,0.662,0.7885,0.7885,0.366,0.3477,0.4539,0.3468,0.2339,0.3644,0.4642,0.5052,0.4762,0.5954,0.455,0.4533,0.55,0.6537,0.5068,0.3434,0.3658,0.2392,0.4876,0.4259,0.6304,0.579,0.4589,0.5847,0,0.3545,0.347,0.4623,0.579,0.544,0.4636,0.5266,0.2,0.4568,0.5646,0.5607,0.5265,0.4542,0.2627,0.3451,0.3456,0.4772,0.3392,0.4094,0.4533,0.462,0.2343,0.3503,0.3365,0.4828,0.3795,0.3962,0.2852,0.1218,0.0067,0.126,0.1209,0.3682,0.4849,0.5254,0.4054,0.3628,0.4512,0.453,0.5512,0.1883,0.4496,0.3392,0.3585,0.4574,0.2349,0.3585,0.512,0.4716,0.4748,0.4805,0.2639,0.4883,0.3481
"Micropercops_swinhonis",0.1272,0.2758,0.061,0.4446,0.2534,0.7396,0.1837,0.2718,0.6665,0.8899,0.7287,0.2345,0.1278,0.6988,0.3544,0.7507,0.5024,0.1756,0.8965,0.8096,0.8096,0.7205,0.229,0.1228,0.23,0.3428,0.2745,0.152,0.4997,0.4707,0.9499,0.5661,0.3456,0.5445,0.6481,0.4168,0.4556,0.0154,0.3715,0.3647,0.6693,0.5138,0.5622,0.3601,0.4858,0.3545,0,0.0074,0.2346,0.2402,0.7696,0.7798,0.8811,0.5545,0.2379,0.3479,0.2383,0.6321,0.2353,0.3949,0.4773,0.2311,0.1562,0.6848,0.6528,0.1234,0.2258,0.4624,0.4491,0.4625,0.3517,0.2506,0.2694,0.1582,0.4549,0.3612,0.4773,0.4559,0.2516,0.8394,0.8798,0.5376,0.2462,0.1256,0.132,0.5724,0.4317,0.1271,0.2375,0.3619,0.3429,0.3672,0.2685,0.4221,0.6038,0.8293,0.8349,0.1739,0.2605,0.2315
"Microphysogobio_amurensis",0.1198,0.2772,0.0624,0.452,0.2548,0.7322,0.1851,0.2732,0.6591,0.8824,0.7213,0.227,0.1204,0.6913,0.347,0.7521,0.495,0.1771,0.8891,0.8022,0.8022,0.7131,0.2229,0.1154,0.2225,0.3353,0.267,0.1446,0.5011,0.4721,0.9424,0.5587,0.3382,0.546,0.6496,0.4094,0.4481,0.0187,0.364,0.3661,0.6619,0.5152,0.5653,0.3526,0.4784,0.347,0.0074,0,0.236,0.2416,0.7622,0.7832,0.8736,0.5471,0.2305,0.3465,0.2308,0.6335,0.2279,0.3875,0.4699,0.2236,0.1487,0.6773,0.6454,0.1159,0.2272,0.4606,0.4477,0.455,0.358,0.2546,0.2714,0.1604,0.4503,0.3538,0.4699,0.4484,0.253,0.8319,0.8724,0.5302,0.2477,0.1181,0.1245,0.565,0.4243,0.1197,0.2301,0.3545,0.3415,0.3597,0.2611,0.4146,0.5964,0.8218,0.8275,0.1665,0.262,0.2329
"Misgurnus_anguillicaudatus",0.2363,0.3899,0.2714,0.568,0.359,0.8384,0.3936,0.3705,0.543,0.7664,0.8275,0.3423,0.2356,0.6864,0.4713,0.6272,0.6012,0.2744,0.7731,0.9084,0.9084,0.7082,0.4589,0.2318,0.2357,0.3451,0.2621,0.2508,0.3794,0.3472,0.9375,0.6773,0.4534,0.421,0.5247,0.4045,0.4546,0.2459,0.3591,0.4788,0.5459,0.5014,0.4591,0.4588,0.5846,0.4623,0.2346,0.236,0,0.3389,0.5351,0.7881,0.8687,0.6533,0.3389,0.4714,0.2363,0.6198,0.0081,0.6048,0.5795,0.3457,0.366,0.6787,0.5293,0.3423,0.3421,0.4744,0.5726,0.5765,0.474,0.3707,0.3874,0.3875,0.4641,0.4645,0.4772,0.4543,0.3504,0.827,0.8675,0.6364,0.2373,0.2379,0.2315,0.6712,0.4194,0.2363,0.3482,0.2385,0.4664,0.2437,0.3673,0.5208,0.5915,0.8169,0.8226,0.3838,0.1371,0.4476
"Misgurnus_mohoity",0.2418,0.3866,0.2681,0.2403,0.1334,0.6195,0.388,0.365,0.5463,0.7697,0.7197,0.0146,0.1301,0.6897,0.2546,0.7328,0.4934,0.2777,0.8875,0.6895,0.6895,0.6004,0.2423,0.1262,0.3524,0.3507,0.2654,0.2541,0.5983,0.565,0.8297,0.5718,0.3479,0.6377,0.7413,0.2967,0.5712,0.2426,0.3624,0.4755,0.5492,0.4959,0.4558,0.351,0.4768,0.579,0.2402,0.2416,0.3389,0,0.7606,0.5715,0.7609,0.7677,0.3444,0.2547,0.2419,0.7253,0.347,0.6081,0.4739,0.2402,0.2582,0.5731,0.6438,0.1257,0.3477,0.48,0.2448,0.3599,0.2485,0.3673,0.3841,0.3842,0.4697,0.5812,0.4828,0.571,0.3448,0.7192,0.7597,0.5286,0.2339,0.2435,0.126,0.4522,0.6449,0.2419,0.2426,0.3529,0.1386,0.4692,0.2595,0.413,0.5948,0.7091,0.7148,0.3871,0.3537,0.4531
"Mylopharyngodon_piceus",0.7624,0.7028,0.8065,0.7698,0.6718,0.4167,0.6837,0.6623,0.3209,0.4309,0.4942,0.7574,0.7618,0.5153,0.6641,0.5612,0.7205,0.7051,0.238,0.4844,0.4844,0.3069,0.6518,0.7579,0.7619,0.6491,0.7441,0.7554,0.6922,0.6589,0.4024,0.5368,0.7574,0.6296,0.4815,0.7039,0.7585,0.7809,0.6381,0.5694,0.2648,0.5047,0.6608,0.5296,0.4038,0.544,0.7696,0.7622,0.5351,0.7606,0,0.5454,0.413,0.4062,0.7539,0.6642,0.5403,0.3464,0.5343,0.6502,0.439,0.6497,0.6224,0.4271,0.3435,0.7574,0.7661,0.6672,0.5432,0.5472,0.6757,0.6835,0.7002,0.7004,0.5458,0.5462,0.559,0.536,0.638,0.428,0.4231,0.4142,0.7723,0.7641,0.7577,0.5261,0.4535,0.7625,0.6521,0.5188,0.6592,0.5403,0.6567,0.5209,0.6369,0.4293,0.4236,0.6401,0.6646,0.7604
"Neosalanx_taihuensis",0.7918,0.7182,0.8367,0.3355,0.6958,0.4042,0.7372,0.7142,0.5534,0.4434,0.5045,0.5658,0.6813,0.1412,0.5746,0.6376,0.5004,0.8402,0.45,0.4743,0.4743,0.274,0.5603,0.6763,0.6724,0.4518,0.6058,0.8166,0.6087,0.5798,0.2812,0.2307,0.4547,0.6536,0.535,0.637,0.5646,0.7911,0.4806,0.5849,0.5562,0.6229,0.449,0.6914,0.5949,0.4636,0.7798,0.7832,0.7881,0.5715,0.5454,0,0.2124,0.4414,0.7915,0.6833,0.7918,0.6301,0.7889,0.6151,0.5864,0.5624,0.8208,0.2383,0.6508,0.6769,0.7793,0.4641,0.34,0.4604,0.5748,0.6937,0.7118,0.7117,0.3427,0.4703,0.3642,0.4538,0.694,0.1707,0.2111,0.6467,0.5775,0.7902,0.6855,0.6815,0.6519,0.7918,0.5688,0.5821,0.4561,0.5873,0.5998,0.7534,0.2685,0.1606,0.1662,0.7275,0.8141,0.5628
"Oncorhynchus_keta",0.865,0.8142,0.9179,0.5478,0.6721,0.2526,0.7951,0.7737,0.3523,0.2401,0.3746,0.7577,0.7532,0.1823,0.7489,0.5615,0.4898,0.8279,0.3088,0.2619,0.2619,0.1605,0.7632,0.7583,0.7622,0.5383,0.6066,0.8402,0.6925,0.6593,0.0688,0.3149,0.5355,0.6412,0.5226,0.7091,0.6477,0.8924,0.5096,0.6808,0.3705,0.5051,0.6611,0.6321,0.5064,0.5266,0.8811,0.8736,0.8687,0.7609,0.413,0.2124,0,0.3401,0.8653,0.6468,0.7539,0.569,0.8679,0.5972,0.5149,0.65,0.7249,0.4185,0.486,0.8688,0.8775,0.5298,0.5435,0.6408,0.7872,0.7949,0.8117,0.8118,0.4261,0.5199,0.4037,0.5363,0.7495,0.0417,0.0101,0.4546,0.6615,0.8666,0.7491,0.4691,0.596,0.865,0.6435,0.6302,0.6506,0.625,0.6126,0.5701,0.2772,0.0518,0.0461,0.7071,0.8872,0.6496
"Oncorhynchus_mykiss",0.6496,0.5988,0.5913,0.7769,0.79,0.4816,0.4686,0.5583,0.4702,0.5802,0.6036,0.7645,0.6489,0.3002,0.6446,0.7905,0.6077,0.6011,0.5242,0.5884,0.5884,0.2785,0.5478,0.6539,0.5468,0.434,0.5023,0.6247,0.6993,0.6661,0.3953,0.4329,0.6534,0.6367,0.5158,0.5912,0.5434,0.5658,0.4053,0.4654,0.4748,0.5119,0.779,0.6389,0.5132,0.2,0.5545,0.5471,0.6533,0.7677,0.4062,0.4414,0.3401,0,0.6499,0.7647,0.7607,0.4646,0.6525,0.3818,0.5217,0.5457,0.6206,0.3142,0.4928,0.6534,0.6621,0.4255,0.5503,0.5365,0.6829,0.5795,0.5963,0.4853,0.3218,0.1933,0.2994,0.3209,0.534,0.3818,0.3502,0.4614,0.5572,0.6512,0.6448,0.5734,0.2695,0.6496,0.5392,0.5259,0.6574,0.4096,0.5083,0.5769,0.3951,0.3919,0.3863,0.3806,0.6718,0.5453
"Opsariichthys_bidens",0.1196,0.1711,0.2763,0.4603,0.3623,0.7239,0.288,0.1538,0.6508,0.763,0.4908,0.3368,0.2301,0.683,0.3547,0.6328,0.3756,0.1688,0.7697,0.6828,0.6828,0.7048,0.3423,0.2262,0.2302,0.4507,0.3699,0.1363,0.3827,0.3528,0.9341,0.5607,0.3368,0.4266,0.5302,0.4011,0.3379,0.2492,0.4669,0.2599,0.6536,0.507,0.4625,0.2332,0.359,0.4568,0.2379,0.2305,0.3389,0.3444,0.7539,0.7915,0.8653,0.6499,0,0.2436,0.3419,0.7364,0.3359,0.4903,0.3517,0.2291,0.3627,0.562,0.526,0.3368,0.0122,0.3578,0.456,0.3488,0.2552,0.1518,0.1686,0.2798,0.4586,0.459,0.4717,0.3376,0.1337,0.8237,0.8641,0.4108,0.3517,0.1213,0.2273,0.4456,0.5271,0.1197,0.2315,0.3462,0.4609,0.4625,0.3639,0.4063,0.5881,0.8135,0.8192,0.2693,0.2537,0.3398
"Oryzias_latipes",0.3462,0.4015,0.4089,0.3478,0.1569,0.5053,0.4205,0.3975,0.4322,0.5444,0.5033,0.2402,0.2357,0.7045,0.4534,0.6542,0.3881,0.4124,0.7822,0.4642,0.4642,0.4862,0.3458,0.2396,0.4579,0.4596,0.3735,0.3622,0.6254,0.5964,0.7156,0.5718,0.3513,0.6702,0.7738,0.5159,0.5724,0.3633,0.4705,0.4904,0.435,0.5284,0.5767,0.2458,0.3715,0.5646,0.3479,0.3465,0.4714,0.2547,0.6642,0.6833,0.6468,0.7647,0.2436,0,0.2351,0.6467,0.4633,0.6051,0.3541,0.2368,0.2641,0.6816,0.5296,0.3513,0.2404,0.3392,0.3432,0.4504,0.3663,0.3763,0.3951,0.395,0.4517,0.5713,0.4653,0.5727,0.3773,0.6051,0.6455,0.4144,0.3719,0.3446,0.2399,0.227,0.6419,0.3462,0.2343,0.3676,0.3383,0.5773,0.3675,0.41,0.5917,0.595,0.6006,0.3841,0.4973,0.4683
"Parabotia_fasciatus",0.2223,0.3936,0.2849,0.4606,0.144,0.6125,0.4077,0.3846,0.5394,0.7627,0.6016,0.2273,0.2229,0.8027,0.3461,0.6413,0.5975,0.2885,0.7694,0.6825,0.6825,0.5934,0.3426,0.2268,0.3416,0.451,0.3695,0.2471,0.6125,0.5836,0.8227,0.6721,0.4496,0.6574,0.761,0.4008,0.5605,0.2495,0.4666,0.4824,0.5422,0.4044,0.5739,0.2329,0.3587,0.5607,0.2383,0.2308,0.2363,0.2419,0.5403,0.7918,0.7539,0.7607,0.3419,0.2351,0,0.6339,0.2282,0.6011,0.3502,0.3405,0.1401,0.6688,0.5257,0.2273,0.3458,0.5714,0.4563,0.4513,0.3666,0.3743,0.3911,0.3912,0.5611,0.5674,0.5742,0.5602,0.3645,0.7122,0.7527,0.4105,0.3591,0.2238,0.227,0.4453,0.6379,0.2222,0.3341,0.4659,0.3412,0.3511,0.3636,0.2949,0.6989,0.7021,0.7078,0.3801,0.3734,0.4554
"Parabramis_pekinensis",0.7449,0.5786,0.5711,0.7433,0.6009,0.5386,0.4484,0.5825,0.4655,0.5778,0.6388,0.7398,0.7443,0.6089,0.7577,0.3408,0.857,0.7524,0.4733,0.7198,0.7198,0.4084,0.5231,0.7404,0.7444,0.7427,0.7401,0.7379,0.5769,0.6059,0.6378,0.6304,0.7398,0.6057,0.5316,0.7714,0.741,0.6167,0.7317,0.4896,0.4683,0.5083,0.6255,0.512,0.3959,0.5265,0.6321,0.6335,0.6198,0.7253,0.3464,0.6301,0.569,0.4646,0.7364,0.6467,0.6339,0,0.6279,0.6384,0.5326,0.6321,0.5107,0.5206,0.4518,0.6287,0.7396,0.7608,0.6368,0.6407,0.6138,0.6037,0.5849,0.4739,0.6394,0.5287,0.6525,0.6296,0.6027,0.5273,0.5677,0.5588,0.7192,0.7466,0.7401,0.7047,0.4529,0.745,0.6346,0.5013,0.7528,0.745,0.7503,0.6655,0.6251,0.5228,0.5228,0.5285,0.5938,0.6229
"Paramisgurnus_dabryanus",0.2281,0.3907,0.279,0.5688,0.3603,0.8376,0.4017,0.3787,0.5423,0.7656,0.8267,0.3342,0.2275,0.6857,0.4632,0.6354,0.6004,0.2825,0.7723,0.9076,0.9076,0.7074,0.4508,0.2236,0.2276,0.337,0.2613,0.25,0.3843,0.3554,0.9367,0.6692,0.4453,0.4292,0.5328,0.4037,0.4464,0.2466,0.3584,0.4795,0.5451,0.5096,0.4599,0.4581,0.5838,0.4542,0.2353,0.2279,0.0081,0.347,0.5343,0.7889,0.8679,0.6525,0.3359,0.4633,0.2282,0.6279,0,0.604,0.5753,0.3376,0.3653,0.6717,0.5286,0.3342,0.3429,0.4663,0.5645,0.5684,0.4748,0.3714,0.3882,0.3883,0.456,0.4592,0.4691,0.4461,0.3585,0.8263,0.8667,0.6356,0.242,0.2298,0.23,0.6704,0.4186,0.2282,0.34,0.2377,0.4582,0.2429,0.3665,0.5201,0.5907,0.8162,0.8218,0.383,0.1452,0.4495
"Perca_fluviatilis",0.49,0.4392,0.4318,0.5062,0.6304,0.3447,0.309,0.3987,0.4938,0.7171,0.6005,0.6049,0.4893,0.4739,0.485,0.6402,0.3741,0.5096,0.6571,0.6369,0.6369,0.5656,0.3882,0.4944,0.6094,0.4966,0.5729,0.4651,0.5397,0.5065,0.666,0.3844,0.3827,0.5451,0.6488,0.7241,0.3838,0.4062,0.4679,0.528,0.4966,0.8477,0.6195,0.4793,0.5798,0.2627,0.3949,0.3875,0.6048,0.6081,0.6502,0.6151,0.5972,0.3818,0.4903,0.6051,0.6011,0.6384,0.604,0,0.3621,0.3861,0.4723,0.599,0.4801,0.4938,0.5025,0.4881,0.3907,0.3769,0.5233,0.4199,0.4367,0.3257,0.3845,0.256,0.362,0.3835,0.3744,0.5556,0.596,0.3649,0.6198,0.4916,0.4852,0.5108,0.259,0.49,0.3796,0.4775,0.4978,0.4722,0.3487,0.4716,0.5689,0.5657,0.56,0.2323,0.6233,0.2746
"Perccottus_glenii",0.3501,0.2993,0.517,0.4774,0.3795,0.3734,0.4175,0.2834,0.3003,0.6348,0.3892,0.4651,0.4606,0.5903,0.234,0.4289,0.4962,0.4094,0.4459,0.5545,0.5545,0.3543,0.3594,0.4656,0.4696,0.4679,0.5838,0.3502,0.5112,0.4823,0.5837,0.4668,0.4651,0.5561,0.6597,0.5129,0.4662,0.4886,0.4675,0.3882,0.3031,0.5254,0.4796,0.1316,0.2574,0.3451,0.4773,0.4699,0.5795,0.4739,0.439,0.5864,0.5149,0.5217,0.3517,0.3541,0.3502,0.5326,0.5753,0.3621,0,0.3573,0.3722,0.3481,0.1755,0.4651,0.3626,0.4594,0.2509,0.126,0.2723,0.2801,0.2968,0.408,0.3557,0.3383,0.3422,0.2437,0.2632,0.4732,0.5136,0.0603,0.5911,0.3518,0.4591,0.3173,0.3988,0.3502,0.3509,0.4757,0.358,0.4543,0.3467,0.167,0.691,0.4631,0.4687,0.3633,0.4943,0.4681
"Phoxinus_phoxinus",0.2294,0.1647,0.2832,0.2312,0.2534,0.5085,0.1837,0.1607,0.4354,0.7699,0.7199,0.2256,0.119,0.4677,0.4589,0.6396,0.3824,0.2868,0.7766,0.6897,0.6897,0.4894,0.2243,0.1139,0.3345,0.3339,0.2656,0.2543,0.3886,0.3596,0.7188,0.335,0.1145,0.4334,0.5371,0.5191,0.3356,0.2424,0.3626,0.2536,0.4382,0.6249,0.4556,0.2401,0.3658,0.3456,0.2311,0.2236,0.3457,0.2402,0.6497,0.5624,0.65,0.5457,0.2291,0.2368,0.3405,0.6321,0.3376,0.3861,0.3573,0,0.3695,0.5648,0.5328,0.3367,0.2275,0.3509,0.2269,0.3425,0.2483,0.1449,0.1617,0.1618,0.2295,0.3523,0.2463,0.3359,0.1405,0.6083,0.6488,0.4176,0.2462,0.2278,0.1231,0.4524,0.4229,0.2294,0.0064,0.1308,0.3429,0.4694,0.2596,0.5243,0.3727,0.5982,0.6039,0.1651,0.3717,0.2315
"Plagiognathops_microlepis",0.2512,0.4226,0.193,0.4896,0.1694,0.5834,0.2925,0.3822,0.5103,0.7337,0.5726,0.255,0.2506,0.7907,0.3751,0.6144,0.5685,0.2595,0.7404,0.6535,0.6535,0.5734,0.2605,0.2556,0.3707,0.4801,0.3439,0.2441,0.6343,0.601,0.7937,0.7012,0.4772,0.6283,0.732,0.3718,0.5895,0.1675,0.4602,0.5115,0.5132,0.3754,0.6029,0.2405,0.337,0.4772,0.1562,0.1487,0.366,0.2582,0.6224,0.8208,0.7249,0.6206,0.3627,0.2641,0.1401,0.5107,0.3653,0.4723,0.3722,0.3695,0,0.6936,0.4989,0.1439,0.3748,0.6004,0.4853,0.4804,0.3956,0.4034,0.4201,0.3091,0.5901,0.4794,0.6033,0.5892,0.3579,0.6946,0.7237,0.3815,0.3811,0.2528,0.2464,0.4162,0.4978,0.2512,0.3631,0.4609,0.3702,0.4735,0.3677,0.2659,0.6812,0.6958,0.6901,0.24,0.3845,0.3691
"Protosalanx_hyalocranius",0.5576,0.5068,0.7273,0.5738,0.6981,0.4993,0.6278,0.4937,0.5373,0.6495,0.4884,0.5614,0.6681,0.3562,0.3482,0.6392,0.7065,0.6197,0.434,0.6804,0.6804,0.2579,0.4558,0.6731,0.4548,0.4531,0.5897,0.5783,0.6104,0.5815,0.4873,0.452,0.6725,0.6553,0.5367,0.3987,0.4514,0.6961,0.4645,0.3734,0.5401,0.4023,0.4649,0.4531,0.3566,0.3392,0.6848,0.6773,0.6787,0.5731,0.4271,0.2383,0.4185,0.3142,0.562,0.6816,0.6688,0.5206,0.6717,0.599,0.3481,0.5648,0.6936,0,0.4125,0.5614,0.5701,0.4624,0.3472,0.2312,0.3687,0.4875,0.5043,0.6155,0.341,0.3431,0.3541,0.2289,0.4735,0.3768,0.4173,0.4084,0.5792,0.5592,0.6694,0.6654,0.5247,0.5577,0.5584,0.5749,0.4544,0.4601,0.5837,0.515,0.4746,0.3667,0.3724,0.6003,0.5935,0.6756
"Pseudaspius_leptocephalus",0.5256,0.4748,0.6896,0.6529,0.555,0.4824,0.5669,0.4344,0.1337,0.4682,0.5159,0.6405,0.6361,0.6207,0.4095,0.3334,0.6229,0.5361,0.3504,0.6368,0.6368,0.3767,0.5349,0.6411,0.534,0.5323,0.6006,0.5008,0.4643,0.431,0.5193,0.6422,0.6405,0.4606,0.5642,0.5285,0.5306,0.6641,0.5035,0.5637,0.1898,0.541,0.4329,0.2927,0.3892,0.4094,0.6528,0.6454,0.5293,0.6438,0.3435,0.6508,0.486,0.4928,0.526,0.5296,0.5257,0.4518,0.5286,0.4801,0.1755,0.5328,0.4989,0.4125,0,0.6405,0.5381,0.5238,0.4264,0.3014,0.4478,0.4556,0.4723,0.5835,0.4201,0.4027,0.3977,0.3081,0.4101,0.4801,0.4759,0.1515,0.6555,0.5273,0.632,0.3729,0.2234,0.5257,0.5264,0.402,0.5335,0.5079,0.4954,0.267,0.7156,0.4902,0.4845,0.4811,0.4367,0.6436
"Pseudobrama_simoni",0.2273,0.3898,0.1687,0.3457,0.25,0.7273,0.2914,0.3795,0.6542,0.8776,0.7165,0.1111,0.2267,0.7976,0.2401,0.7473,0.6013,0.2834,0.8843,0.7974,0.7974,0.7083,0.1166,0.2228,0.3379,0.4473,0.3733,0.2509,0.6074,0.5784,0.9376,0.6684,0.4444,0.6522,0.7559,0.2935,0.5567,0.1347,0.4703,0.4787,0.6571,0.5104,0.459,0.3478,0.4735,0.4533,0.1234,0.1159,0.3423,0.1257,0.7574,0.6769,0.8688,0.6534,0.3368,0.3513,0.2273,0.6287,0.3342,0.4938,0.4651,0.3367,0.1439,0.5614,0.6405,0,0.342,0.5765,0.3414,0.3453,0.2517,0.3706,0.3873,0.2763,0.5662,0.46,0.5794,0.5564,0.3593,0.8271,0.8676,0.5254,0.3539,0.2289,0.2308,0.5601,0.5306,0.2273,0.3392,0.4608,0.2352,0.466,0.3673,0.4098,0.7027,0.817,0.8227,0.2728,0.3683,0.3392
"Pseudorasbora_parva",0.1236,0.1611,0.2796,0.4481,0.3609,0.736,0.2912,0.1571,0.6629,0.7752,0.5029,0.342,0.2354,0.6952,0.3514,0.636,0.3877,0.1721,0.7818,0.695,0.695,0.717,0.339,0.2304,0.227,0.4503,0.382,0.1484,0.385,0.356,0.9463,0.5626,0.342,0.4298,0.5335,0.4133,0.3409,0.2371,0.479,0.25,0.6657,0.5102,0.4503,0.2454,0.3711,0.462,0.2258,0.2272,0.3421,0.3477,0.7661,0.7793,0.8775,0.6621,0.0122,0.2404,0.3458,0.7396,0.3429,0.5025,0.3626,0.2275,0.3748,0.5701,0.5381,0.342,0,0.3545,0.4527,0.3478,0.243,0.1396,0.1564,0.2676,0.4553,0.4687,0.4738,0.3412,0.1369,0.8358,0.8763,0.4229,0.3538,0.122,0.2395,0.4577,0.5393,0.1236,0.2339,0.3584,0.4576,0.4747,0.376,0.4185,0.6003,0.8257,0.8314,0.2815,0.257,0.339
"Pungitius_sinensis",0.4604,0.5156,0.523,0.5736,0.4932,0.6106,0.5346,0.5116,0.4263,0.5386,0.6174,0.4654,0.3499,0.3742,0.4476,0.7683,0.28,0.5266,0.7852,0.5695,0.5695,0.3692,0.571,0.3538,0.3498,0.1293,0.2565,0.4674,0.6284,0.5994,0.5986,0.4637,0.4654,0.6732,0.7769,0.5189,0.4643,0.4774,0.1402,0.6045,0.4291,0.6425,0.6909,0.5821,0.7079,0.2343,0.4624,0.4606,0.4744,0.48,0.6672,0.4641,0.5298,0.4255,0.3578,0.3392,0.5714,0.7608,0.4663,0.4881,0.4594,0.3509,0.6004,0.4624,0.5238,0.5765,0.3545,0,0.3471,0.4534,0.5915,0.4904,0.5092,0.5091,0.1214,0.2321,0.1261,0.2424,0.4914,0.4881,0.5286,0.5197,0.2638,0.4587,0.354,0.3322,0.4138,0.4603,0.3485,0.3706,0.3431,0.2381,0.2506,0.5152,0.4748,0.478,0.4837,0.4893,0.5004,0.5824
"Rhinogobius_brunneus",0.4563,0.3915,0.5101,0.2268,0.3692,0.4021,0.4106,0.3876,0.329,0.6634,0.6134,0.2303,0.3458,0.4723,0.2391,0.6443,0.3871,0.5136,0.6701,0.5832,0.5832,0.383,0.2248,0.3408,0.5591,0.3385,0.4925,0.4811,0.6154,0.5865,0.6123,0.3397,0.3414,0.6603,0.7639,0.5237,0.5625,0.4645,0.3673,0.4805,0.3318,0.7407,0.4557,0.3559,0.4816,0.3503,0.4491,0.4477,0.5726,0.2448,0.5432,0.34,0.5435,0.5503,0.456,0.3432,0.4563,0.6368,0.5645,0.3907,0.2509,0.2269,0.4853,0.3472,0.4264,0.3414,0.4527,0.3471,0,0.1249,0.2452,0.3664,0.3852,0.3851,0.2285,0.357,0.2509,0.3405,0.3674,0.5018,0.5423,0.3112,0.4731,0.4547,0.35,0.346,0.4275,0.4563,0.2333,0.3577,0.116,0.474,0.2643,0.4178,0.5996,0.4917,0.4974,0.392,0.5985,0.4584
"Rhinogobius_cliffordpopei",0.3403,0.2845,0.514,0.3515,0.4843,0.4994,0.4145,0.2804,0.4262,0.7607,0.4974,0.3453,0.452,0.5874,0.117,0.5371,0.4933,0.4065,0.554,0.6805,0.6805,0.4803,0.2335,0.4559,0.4548,0.4536,0.5898,0.3562,0.5083,0.4793,0.7096,0.4548,0.4565,0.5531,0.6568,0.3988,0.4553,0.4738,0.4646,0.3733,0.4291,0.6335,0.3537,0.2398,0.3656,0.3365,0.4625,0.455,0.5765,0.3599,0.5472,0.4604,0.6408,0.5365,0.3488,0.4504,0.4513,0.6407,0.5684,0.3769,0.126,0.3425,0.4804,0.2312,0.3014,0.3453,0.3478,0.4534,0.1249,0,0.1464,0.2652,0.282,0.3932,0.3409,0.3432,0.3482,0.2334,0.2602,0.5991,0.6396,0.1862,0.5882,0.3386,0.4561,0.4433,0.4137,0.3402,0.3395,0.4728,0.2321,0.4602,0.3616,0.2929,0.6969,0.589,0.5947,0.3781,0.4914,0.4623
"Rhodeus_lighti",0.2555,0.1463,0.376,0.2407,0.3462,0.6457,0.2765,0.1423,0.5726,0.9071,0.6348,0.2517,0.3673,0.716,0.2605,0.5101,0.6307,0.3039,0.6915,0.8268,0.8268,0.6266,0.1351,0.3622,0.3583,0.5822,0.5139,0.2803,0.3702,0.3501,0.856,0.5833,0.3628,0.4151,0.5276,0.3229,0.3617,0.3393,0.6109,0.2352,0.5754,0.5043,0.2371,0.1551,0.2808,0.4828,0.3517,0.358,0.474,0.2485,0.6757,0.5748,0.7872,0.6829,0.2552,0.3663,0.3666,0.6138,0.4748,0.5233,0.2723,0.2483,0.3956,0.3687,0.4478,0.2517,0.243,0.5915,0.2452,0.1464,0,0.1211,0.1399,0.2509,0.4721,0.4895,0.4946,0.362,0.1488,0.7455,0.7859,0.3326,0.459,0.2539,0.3714,0.5896,0.56,0.2555,0.2547,0.3791,0.3612,0.6066,0.5079,0.4393,0.621,0.7354,0.741,0.3023,0.3533,0.3598
"Rhodeus_ocellatus",0.1522,0.0252,0.2548,0.3618,0.345,0.6535,0.1553,0.0212,0.5804,0.9148,0.6426,0.3706,0.2639,0.6126,0.3794,0.5001,0.5274,0.2006,0.6993,0.8346,0.8346,0.6344,0.254,0.2589,0.2549,0.4788,0.4105,0.177,0.2491,0.2468,0.8637,0.48,0.2595,0.2939,0.4242,0.4418,0.2583,0.2359,0.5076,0.1141,0.5832,0.5121,0.356,0.1628,0.2886,0.3795,0.2506,0.2546,0.3707,0.3673,0.6835,0.6937,0.7949,0.5795,0.1518,0.3763,0.3743,0.6037,0.3714,0.4199,0.2801,0.1449,0.4034,0.4875,0.4556,0.3706,0.1396,0.4904,0.3664,0.2652,0.1211,0,0.0188,0.1298,0.369,0.3862,0.3912,0.2586,0.0455,0.7532,0.7937,0.3404,0.3556,0.1505,0.268,0.5974,0.4567,0.1521,0.1514,0.2758,0.4824,0.5032,0.4046,0.447,0.5177,0.7431,0.7488,0.1989,0.2411,0.2564
"Rhodeus_sericeus",0.1689,0.0064,0.236,0.3806,0.3618,0.6702,0.1365,0.038,0.5971,0.9316,0.6593,0.3873,0.2807,0.6294,0.3961,0.4813,0.5441,0.2173,0.716,0.8514,0.8514,0.6511,0.2715,0.2756,0.2717,0.4956,0.4273,0.1937,0.2303,0.2635,0.8805,0.4967,0.2762,0.2929,0.441,0.4586,0.2751,0.254,0.5243,0.1309,0.5999,0.5288,0.3739,0.1796,0.3053,0.3962,0.2694,0.2714,0.3874,0.3841,0.7002,0.7118,0.8117,0.5963,0.1686,0.3951,0.3911,0.5849,0.3882,0.4367,0.2968,0.1617,0.4201,0.5043,0.4723,0.3873,0.1564,0.5092,0.3852,0.282,0.1399,0.0188,0,0.1112,0.3878,0.4029,0.408,0.2754,0.0622,0.77,0.8105,0.3571,0.3724,0.1673,0.2848,0.6141,0.4734,0.1689,0.1681,0.2925,0.5012,0.52,0.4213,0.4638,0.5344,0.7599,0.7656,0.2157,0.2578,0.2732
"Rhodeus_sinensis",0.2801,0.1176,0.125,0.3805,0.3619,0.6703,0.0255,0.1492,0.5972,0.9317,0.7706,0.3874,0.2808,0.6295,0.5073,0.5925,0.5443,0.3286,0.8273,0.8515,0.8515,0.6512,0.1603,0.2758,0.3829,0.4957,0.4274,0.305,0.3415,0.3748,0.8806,0.4968,0.2763,0.4041,0.5522,0.5698,0.3863,0.1428,0.5244,0.2421,0.6,0.6401,0.4849,0.2908,0.4165,0.2852,0.1582,0.1604,0.3875,0.3842,0.7004,0.7117,0.8118,0.4853,0.2798,0.395,0.3912,0.4739,0.3883,0.3257,0.408,0.1618,0.3091,0.6155,0.5835,0.2763,0.2676,0.5091,0.3851,0.3932,0.2509,0.1298,0.1112,0,0.3877,0.2919,0.4081,0.3866,0.1734,0.7701,0.8106,0.4683,0.3725,0.2785,0.2849,0.6142,0.3624,0.2801,0.1682,0.2927,0.5011,0.5201,0.4215,0.575,0.5346,0.76,0.7657,0.1047,0.369,0.1622
"Rhynchocypris_czekanowskii",0.4501,0.3942,0.5127,0.455,0.4829,0.5069,0.4132,0.3902,0.3227,0.6572,0.7183,0.4551,0.3396,0.2527,0.455,0.6469,0.3808,0.5163,0.6638,0.688,0.688,0.2656,0.4496,0.3434,0.3395,0.119,0.264,0.4749,0.507,0.478,0.4949,0.3423,0.344,0.5518,0.6554,0.5175,0.3429,0.4671,0.1388,0.4831,0.3255,0.6322,0.5695,0.4607,0.5865,0.1218,0.4549,0.4503,0.4641,0.4697,0.5458,0.3427,0.4261,0.3218,0.4586,0.4517,0.5611,0.6394,0.456,0.3845,0.3557,0.2295,0.5901,0.341,0.4201,0.5662,0.4553,0.1214,0.2285,0.3409,0.4721,0.369,0.3878,0.3877,0,0.1285,0.0224,0.1209,0.37,0.3845,0.4249,0.416,0.2535,0.4484,0.3437,0.4508,0.3101,0.45,0.227,0.2492,0.3356,0.2456,0.258,0.5227,0.3711,0.3744,0.38,0.3857,0.4901,0.461
"Rhynchocypris_lagowskii",0.4562,0.4054,0.402,0.5835,0.5967,0.6006,0.3025,0.3906,0.4164,0.7509,0.7186,0.5712,0.4556,0.3642,0.4512,0.6473,0.4923,0.5166,0.6642,0.7818,0.7818,0.3593,0.3544,0.4606,0.3535,0.2407,0.3577,0.4575,0.5073,0.4784,0.5887,0.4617,0.46,0.5522,0.6558,0.509,0.3501,0.3725,0.2414,0.4943,0.4192,0.6326,0.5857,0.4611,0.5868,0.0067,0.3612,0.3538,0.4645,0.5812,0.5462,0.4703,0.5199,0.1933,0.459,0.5713,0.5674,0.5287,0.4592,0.256,0.3383,0.3523,0.4794,0.3431,0.4027,0.46,0.4687,0.2321,0.357,0.3432,0.4895,0.3862,0.4029,0.2919,0.1285,0,0.1239,0.1276,0.3704,0.4782,0.5186,0.3986,0.365,0.4579,0.4552,0.5445,0.1816,0.4563,0.3459,0.3607,0.4641,0.2282,0.3517,0.5053,0.4649,0.4681,0.4737,0.2572,0.4905,0.352
"Rhynchocypris_oxycephalus",0.4632,0.4105,0.5258,0.4775,0.4961,0.4845,0.4263,0.4033,0.3003,0.6347,0.7314,0.4683,0.3527,0.2659,0.4563,0.66,0.394,0.5294,0.677,0.6656,0.6656,0.2521,0.4706,0.3566,0.3585,0.1346,0.2593,0.4702,0.5201,0.4911,0.4725,0.3557,0.3571,0.5649,0.6686,0.5217,0.356,0.4886,0.143,0.4993,0.3031,0.6453,0.5907,0.4738,0.5996,0.126,0.4773,0.4699,0.4772,0.4828,0.559,0.3642,0.4037,0.2994,0.4717,0.4653,0.5742,0.6525,0.4691,0.362,0.3422,0.2463,0.6033,0.3541,0.3977,0.5794,0.4738,0.1261,0.2509,0.3482,0.4946,0.3912,0.408,0.4081,0.0224,0.1239,0,0.1341,0.3832,0.362,0.4025,0.3936,0.2666,0.4629,0.3568,0.4284,0.2877,0.4631,0.2402,0.2624,0.358,0.2409,0.2356,0.5003,0.3665,0.3519,0.3576,0.3633,0.5032,0.4741
"Rhynchocypris_percnurus",0.338,0.2779,0.5029,0.5671,0.5842,0.6171,0.4034,0.2693,0.4329,0.7673,0.6062,0.5564,0.4497,0.354,0.3504,0.526,0.491,0.3953,0.5518,0.7982,0.7982,0.3758,0.4491,0.4447,0.2259,0.2242,0.3742,0.3628,0.386,0.3571,0.6051,0.4453,0.4453,0.4309,0.5345,0.4054,0.2225,0.4672,0.249,0.3667,0.4357,0.5113,0.4582,0.3487,0.4744,0.1209,0.4559,0.4484,0.4543,0.571,0.536,0.4538,0.5363,0.3209,0.3376,0.5727,0.5602,0.6296,0.4461,0.3835,0.2437,0.3359,0.5892,0.2289,0.3081,0.5564,0.3412,0.2424,0.3405,0.2334,0.362,0.2586,0.2754,0.3866,0.1209,0.1276,0.1341,0,0.2491,0.4946,0.5351,0.304,0.3548,0.3392,0.4539,0.561,0.3092,0.3379,0.3383,0.3505,0.4565,0.2446,0.3682,0.4106,0.4813,0.4845,0.4902,0.3848,0.3691,0.4512
"Rutilus_rutilus",0.1422,0.0647,0.2795,0.3628,0.3671,0.608,0.1568,0.0243,0.5349,0.8694,0.5971,0.3593,0.2527,0.5672,0.3772,0.4991,0.4819,0.1551,0.6538,0.7891,0.7891,0.5889,0.2537,0.2488,0.2528,0.4733,0.3651,0.1351,0.2764,0.2431,0.8183,0.4722,0.2482,0.2929,0.3965,0.3963,0.2494,0.254,0.4623,0.1536,0.5377,0.4844,0.3561,0.1315,0.2431,0.3682,0.2516,0.253,0.3504,0.3448,0.638,0.694,0.7495,0.534,0.1337,0.3773,0.3645,0.6027,0.3585,0.3744,0.2632,0.1405,0.3579,0.4735,0.4101,0.3593,0.1369,0.4914,0.3674,0.2602,0.1488,0.0455,0.0622,0.1734,0.37,0.3704,0.3832,0.2491,0,0.7078,0.7482,0.2949,0.3565,0.1438,0.2485,0.5519,0.4112,0.1422,0.143,0.2319,0.4834,0.4756,0.3698,0.4016,0.4722,0.6979,0.7033,0.1534,0.2488,0.2424
"Salvelinus_leucomaenis",0.8233,0.7725,0.8762,0.5062,0.6304,0.2336,0.7535,0.732,0.3827,0.2727,0.3782,0.716,0.7116,0.1406,0.7072,0.5291,0.4853,0.8429,0.3238,0.3036,0.3036,0.1211,0.7215,0.7166,0.7205,0.4966,0.5729,0.7985,0.6508,0.6176,0.1105,0.2733,0.4938,0.6562,0.5376,0.7241,0.606,0.8507,0.4679,0.6391,0.3855,0.5144,0.6195,0.5904,0.4687,0.4849,0.8394,0.8319,0.827,0.7192,0.428,0.1707,0.0417,0.3818,0.8237,0.6051,0.7122,0.5273,0.8263,0.5556,0.4732,0.6083,0.6946,0.3768,0.4801,0.8271,0.8358,0.4881,0.5018,0.5991,0.7455,0.7532,0.77,0.7701,0.3845,0.4782,0.362,0.4946,0.7078,0,0.0405,0.476,0.6198,0.8249,0.7074,0.5108,0.5923,0.8234,0.6019,0.5886,0.609,0.5833,0.5709,0.5827,0.2356,0.0101,0.0044,0.6768,0.8455,0.6079
"Salvelinus_malma",0.8638,0.813,0.9167,0.5466,0.6709,0.2513,0.7939,0.7725,0.3422,0.2322,0.3733,0.7565,0.752,0.1811,0.7477,0.5602,0.4885,0.838,0.3189,0.272,0.272,0.1593,0.762,0.757,0.761,0.5371,0.6054,0.8389,0.6913,0.658,0.07,0.3137,0.5342,0.6513,0.5327,0.7192,0.6465,0.8911,0.5083,0.6796,0.3806,0.5095,0.6599,0.6309,0.5051,0.5254,0.8798,0.8724,0.8675,0.7597,0.4231,0.2111,0.0101,0.3502,0.8641,0.6455,0.7527,0.5677,0.8667,0.596,0.5136,0.6488,0.7237,0.4173,0.4759,0.8676,0.8763,0.5286,0.5423,0.6396,0.7859,0.7937,0.8105,0.8106,0.4249,0.5186,0.4025,0.5351,0.7482,0.0405,0,0.4533,0.6603,0.8654,0.7479,0.4703,0.5859,0.8638,0.6423,0.629,0.6494,0.6238,0.6113,0.5689,0.276,0.0506,0.0449,0.7059,0.886,0.6484
"Sander_lucioperca",0.4104,0.3596,0.5744,0.5377,0.4398,0.3536,0.4517,0.3192,0.24,0.5745,0.3644,0.5254,0.5209,0.6166,0.2943,0.4402,0.4796,0.3847,0.4211,0.4942,0.4942,0.3727,0.4197,0.5259,0.5299,0.5282,0.5965,0.3856,0.5713,0.538,0.5234,0.5271,0.5254,0.5313,0.635,0.4881,0.5265,0.5489,0.4995,0.4485,0.2606,0.5006,0.5399,0.1775,0.274,0.4054,0.5376,0.5302,0.6364,0.5286,0.4142,0.6467,0.4546,0.4614,0.4108,0.4144,0.4105,0.5588,0.6356,0.3649,0.0603,0.4176,0.3815,0.4084,0.1515,0.5254,0.4229,0.5197,0.3112,0.1862,0.3326,0.3404,0.3571,0.4683,0.416,0.3986,0.3936,0.304,0.2949,0.476,0.4533,0,0.6514,0.4121,0.5168,0.257,0.3726,0.4105,0.4112,0.509,0.4183,0.5038,0.3802,0.1156,0.7116,0.4861,0.4805,0.3637,0.5437,0.5284
"Sarcocheilichthys_lacustris",0.2479,0.3749,0.2592,0.4685,0.2328,0.7423,0.3819,0.3589,0.5581,0.7814,0.8425,0.2428,0.1362,0.4792,0.4829,0.7267,0.5051,0.2894,0.8992,0.8123,0.8123,0.501,0.4706,0.1323,0.1363,0.1346,0.0549,0.2658,0.4757,0.4467,0.7303,0.5779,0.3539,0.5205,0.6241,0.3084,0.3551,0.2308,0.152,0.4637,0.5609,0.3787,0.5729,0.4739,0.5996,0.3628,0.2462,0.2477,0.2373,0.2339,0.7723,0.5775,0.6615,0.5572,0.3517,0.3719,0.3591,0.7192,0.242,0.6198,0.5911,0.2462,0.3811,0.5792,0.6555,0.3539,0.3538,0.2638,0.4731,0.5882,0.459,0.3556,0.3724,0.3725,0.2535,0.365,0.2666,0.3548,0.3565,0.6198,0.6603,0.6514,0,0.2495,0.1346,0.5751,0.5455,0.248,0.2487,0.2535,0.3669,0.2587,0.2712,0.5359,0.3843,0.6097,0.6154,0.3988,0.2366,0.4592
"Sarcocheilichthys_nigripinnis",0.0016,0.1698,0.1754,0.459,0.2567,0.7252,0.2981,0.164,0.6521,0.8754,0.6032,0.2289,0.1134,0.6932,0.2334,0.6429,0.488,0.0678,0.771,0.7952,0.7952,0.7061,0.341,0.1173,0.1178,0.3383,0.26,0.0265,0.3919,0.3629,0.9354,0.5606,0.34,0.4367,0.5404,0.2913,0.3389,0.1368,0.3571,0.2586,0.6549,0.406,0.4612,0.2345,0.3603,0.4512,0.1256,0.1181,0.2379,0.2435,0.7641,0.7902,0.8666,0.6512,0.1213,0.3446,0.2238,0.7466,0.2298,0.4916,0.3518,0.2278,0.2528,0.5592,0.5273,0.2289,0.122,0.4587,0.4547,0.3386,0.2539,0.1505,0.1673,0.2785,0.4484,0.4579,0.4629,0.3392,0.1438,0.8249,0.8654,0.4121,0.2495,0,0.1175,0.558,0.5284,0.0016,0.2231,0.3564,0.3396,0.3527,0.2541,0.2965,0.5894,0.8148,0.8205,0.2706,0.1528,0.3459
"Saurogobio_dabryi",0.1159,0.2873,0.169,0.3543,0.1452,0.6077,0.2917,0.2687,0.5345,0.7579,0.7079,0.1197,0.0041,0.5757,0.3509,0.7476,0.3705,0.1726,0.8757,0.6777,0.6777,0.5886,0.3474,0.0091,0.2353,0.2336,0.1425,0.1312,0.499,0.4676,0.8179,0.4547,0.2308,0.5414,0.6451,0.396,0.4542,0.1433,0.2395,0.3761,0.5374,0.5107,0.5787,0.3392,0.465,0.453,0.132,0.1245,0.2315,0.126,0.7577,0.6855,0.7491,0.6448,0.2273,0.2399,0.227,0.7401,0.23,0.4852,0.4591,0.1231,0.2464,0.6694,0.632,0.2308,0.2395,0.354,0.35,0.4561,0.3714,0.268,0.2848,0.2849,0.3437,0.4552,0.3568,0.4539,0.2485,0.7074,0.7479,0.5168,0.1346,0.1175,0,0.4404,0.522,0.1159,0.1167,0.2389,0.2349,0.3463,0.1365,0.4012,0.4719,0.6973,0.703,0.2642,0.2575,0.3449
"Silurus_asotus",0.5563,0.6166,0.6092,0.5725,0.3634,0.3883,0.5976,0.5762,0.2392,0.3492,0.3992,0.449,0.4446,0.6514,0.4402,0.6973,0.2922,0.5079,0.6441,0.2639,0.2639,0.4074,0.5656,0.4496,0.6758,0.4519,0.5202,0.5315,0.8283,0.795,0.4886,0.5618,0.5601,0.7657,0.858,0.6,0.7835,0.5837,0.4231,0.7055,0.2614,0.6408,0.7969,0.4345,0.531,0.5512,0.5724,0.565,0.6712,0.4522,0.5261,0.6815,0.4691,0.5734,0.4456,0.227,0.4453,0.7047,0.6704,0.5108,0.3173,0.4524,0.4162,0.6654,0.3729,0.5601,0.4577,0.3322,0.346,0.4433,0.5896,0.5974,0.6141,0.6142,0.4508,0.5445,0.4284,0.561,0.5519,0.5108,0.4703,0.257,0.5751,0.558,0.4404,0,0.4829,0.5564,0.446,0.5438,0.342,0.5386,0.3039,0.2615,0.7463,0.5209,0.5152,0.5096,0.6896,0.6743
"Siniperca_chuatsi",0.5267,0.476,0.4685,0.6541,0.6672,0.5923,0.3458,0.4355,0.2437,0.5781,0.737,0.6417,0.5261,0.5107,0.5218,0.5566,0.5107,0.535,0.5715,0.7468,0.7468,0.489,0.425,0.5311,0.5351,0.4223,0.4906,0.5019,0.4654,0.4321,0.6293,0.5323,0.5306,0.4595,0.5631,0.6385,0.5317,0.443,0.3936,0.5648,0.2998,0.7621,0.5451,0.5161,0.6126,0.1883,0.4317,0.4243,0.4194,0.6449,0.4535,0.6519,0.596,0.2695,0.5271,0.6419,0.6379,0.4529,0.4186,0.259,0.3988,0.4229,0.4978,0.5247,0.2234,0.5306,0.5393,0.4138,0.4275,0.4137,0.56,0.4567,0.4734,0.3624,0.3101,0.1816,0.2877,0.3092,0.4112,0.5923,0.5859,0.3726,0.5455,0.5284,0.522,0.4829,0,0.5268,0.4164,0.292,0.5346,0.3979,0.3854,0.4881,0.6057,0.6024,0.5968,0.2578,0.4378,0.4225
"Squalidus_argentatus",1e-04,0.1714,0.1738,0.4606,0.2551,0.7236,0.2966,0.1624,0.6505,0.8738,0.6016,0.2273,0.1118,0.6916,0.235,0.6413,0.4864,0.0663,0.7694,0.7936,0.7936,0.7045,0.3426,0.1157,0.1194,0.3399,0.2584,0.0249,0.3903,0.3613,0.9338,0.561,0.3385,0.4351,0.5388,0.2897,0.3382,0.1384,0.3555,0.2602,0.6533,0.4044,0.4628,0.2329,0.3587,0.4496,0.1271,0.1197,0.2363,0.2419,0.7625,0.7918,0.865,0.6496,0.1197,0.3462,0.2222,0.745,0.2282,0.49,0.3502,0.2294,0.2512,0.5577,0.5257,0.2273,0.1236,0.4603,0.4563,0.3402,0.2555,0.1521,0.1689,0.2801,0.45,0.4563,0.4631,0.3379,0.1422,0.8234,0.8638,0.4105,0.248,0.0016,0.1159,0.5564,0.5268,0,0.223,0.3548,0.3412,0.3511,0.2525,0.2949,0.5878,0.8132,0.8189,0.269,0.1512,0.3443
"Squalidus_chankaensis",0.223,0.1706,0.2857,0.2376,0.2559,0.5021,0.1862,0.1632,0.429,0.7635,0.7134,0.2281,0.1125,0.4701,0.4565,0.6421,0.376,0.2892,0.7701,0.6832,0.6832,0.483,0.2307,0.1164,0.3409,0.3392,0.2592,0.2478,0.391,0.3621,0.7123,0.3381,0.117,0.4359,0.5395,0.5127,0.3381,0.2488,0.3562,0.2595,0.4318,0.6274,0.462,0.2337,0.3594,0.3392,0.2375,0.2301,0.3482,0.2426,0.6521,0.5688,0.6435,0.5392,0.2315,0.2343,0.3341,0.6346,0.34,0.3796,0.3509,0.0064,0.3631,0.5584,0.5264,0.3392,0.2339,0.3485,0.2333,0.3395,0.2547,0.1514,0.1681,0.1682,0.227,0.3459,0.2402,0.3383,0.143,0.6019,0.6423,0.4112,0.2487,0.2231,0.1167,0.446,0.4164,0.223,0,0.1333,0.3404,0.463,0.2532,0.5179,0.3663,0.5918,0.5974,0.1587,0.3741,0.2339
"Squaliobarbus_curriculus",0.3547,0.2951,0.3987,0.362,0.3752,0.5999,0.276,0.2546,0.3046,0.639,0.8112,0.3497,0.243,0.448,0.5898,0.5088,0.4738,0.3781,0.6457,0.781,0.781,0.4697,0.3552,0.2391,0.3542,0.3525,0.2459,0.3477,0.2845,0.2512,0.699,0.4625,0.2385,0.3026,0.4062,0.4994,0.3508,0.3732,0.3429,0.3839,0.3074,0.6052,0.3642,0.3441,0.4572,0.3585,0.3619,0.3545,0.2385,0.3529,0.5188,0.5821,0.6302,0.5259,0.3462,0.3676,0.4659,0.5013,0.2377,0.4775,0.4757,0.1308,0.4609,0.5749,0.402,0.4608,0.3584,0.3706,0.3577,0.4728,0.3791,0.2758,0.2925,0.2927,0.2492,0.3607,0.2624,0.3505,0.2319,0.5886,0.629,0.509,0.2535,0.3564,0.2389,0.5438,0.292,0.3548,0.1333,0,0.4737,0.4659,0.3601,0.6157,0.353,0.5785,0.5841,0.2565,0.2569,0.3527
"Tachysurus_argentivittatus",0.3412,0.5076,0.4039,0.3428,0.263,0.5092,0.5266,0.5036,0.4361,0.6594,0.6094,0.1241,0.2307,0.5883,0.124,0.7603,0.3831,0.4074,0.7772,0.5792,0.5792,0.4901,0.3408,0.2346,0.4529,0.2323,0.3774,0.366,0.7315,0.7025,0.7194,0.4557,0.4574,0.7763,0.8799,0.4086,0.6785,0.3583,0.2522,0.5965,0.4389,0.6345,0.5717,0.463,0.5887,0.4574,0.3429,0.3415,0.4664,0.1386,0.6592,0.4561,0.6506,0.6574,0.4609,0.3383,0.3412,0.7528,0.4582,0.4978,0.358,0.3429,0.3702,0.4544,0.5335,0.2352,0.4576,0.3431,0.116,0.2321,0.3612,0.4824,0.5012,0.5011,0.3356,0.4641,0.358,0.4565,0.4834,0.609,0.6494,0.4183,0.3669,0.3396,0.2349,0.342,0.5346,0.3412,0.3404,0.4737,0,0.3589,0.1492,0.3027,0.7067,0.5988,0.6045,0.4991,0.4923,0.5744
"Tachysurus_fulvidraco",0.3511,0.5225,0.404,0.7006,0.4915,0.7058,0.5188,0.4957,0.5216,0.7449,0.7127,0.466,0.3504,0.4694,0.3461,0.7524,0.4864,0.3996,0.7694,0.7758,0.7758,0.4645,0.5826,0.3555,0.2483,0.1355,0.2406,0.3404,0.623,0.5898,0.6938,0.5788,0.5771,0.6574,0.761,0.3919,0.4671,0.3784,0.1243,0.6113,0.5244,0.5155,0.7028,0.5663,0.692,0.2349,0.3672,0.3597,0.2437,0.4692,0.5403,0.5873,0.625,0.4096,0.4625,0.5773,0.3511,0.745,0.2429,0.4722,0.4543,0.4694,0.4735,0.4601,0.5079,0.466,0.4747,0.2381,0.474,0.4602,0.6066,0.5032,0.52,0.5201,0.2456,0.2282,0.2409,0.2446,0.4756,0.5833,0.6238,0.5038,0.2587,0.3527,0.3463,0.5386,0.3979,0.3511,0.463,0.4659,0.3589,0,0.2347,0.3882,0.57,0.5732,0.5789,0.4735,0.3734,0.5801
"Tachysurus_nitidus",0.2524,0.4239,0.3053,0.4908,0.2818,0.4711,0.413,0.39,0.398,0.6214,0.6069,0.2562,0.1407,0.4747,0.2474,0.7578,0.2695,0.2938,0.7747,0.5411,0.5411,0.4609,0.484,0.1457,0.3719,0.148,0.246,0.2346,0.6355,0.6022,0.6814,0.369,0.3673,0.6627,0.7663,0.5083,0.5907,0.2798,0.1297,0.5127,0.4008,0.632,0.7152,0.464,0.5862,0.3585,0.2685,0.2611,0.3673,0.2595,0.6567,0.5998,0.6126,0.5083,0.3639,0.3675,0.3636,0.7503,0.3665,0.3487,0.3467,0.2596,0.3677,0.5837,0.4954,0.3673,0.376,0.2506,0.2643,0.3616,0.5079,0.4046,0.4213,0.4215,0.258,0.3517,0.2356,0.3682,0.3698,0.5709,0.6113,0.3802,0.2712,0.2541,0.1365,0.3039,0.3854,0.2525,0.2532,0.3601,0.1492,0.2347,0,0.2647,0.5753,0.5608,0.5664,0.3499,0.3857,0.4815
"Tachysurus_ussuriensis",0.2949,0.4663,0.4589,0.6444,0.3242,0.4602,0.5584,0.4258,0.3556,0.5789,0.36,0.4098,0.4054,0.7233,0.1788,0.5469,0.4752,0.2691,0.5278,0.4987,0.4987,0.4793,0.5264,0.4104,0.4143,0.4126,0.4809,0.27,0.678,0.6447,0.6389,0.6337,0.632,0.638,0.7416,0.3726,0.6332,0.4334,0.3839,0.5551,0.3673,0.3851,0.6466,0.2842,0.3807,0.512,0.4221,0.4146,0.5208,0.413,0.5209,0.7534,0.5701,0.5769,0.4063,0.41,0.2949,0.6655,0.5201,0.4716,0.167,0.5243,0.2659,0.515,0.267,0.4098,0.4185,0.5152,0.4178,0.2929,0.4393,0.447,0.4638,0.575,0.5227,0.5053,0.5003,0.4106,0.4016,0.5827,0.5689,0.1156,0.5359,0.2965,0.4012,0.2615,0.4881,0.2949,0.5179,0.6157,0.3027,0.3882,0.2647,0,0.8182,0.5928,0.5871,0.4703,0.4282,0.635
"Thymallus_arcticus",0.5877,0.537,0.6406,0.3817,0.6171,0.4691,0.5179,0.4965,0.6182,0.5083,0.5871,0.5916,0.476,0.1273,0.805,0.6269,0.4719,0.6073,0.5327,0.5391,0.5391,0.3389,0.5971,0.481,0.485,0.4833,0.3373,0.5629,0.4153,0.382,0.346,0.2599,0.2582,0.4207,0.3021,0.5997,0.3705,0.6151,0.4546,0.4036,0.621,0.5011,0.495,0.5771,0.4553,0.4716,0.6038,0.5964,0.5915,0.5948,0.6369,0.2685,0.2772,0.3951,0.5881,0.5917,0.6989,0.6251,0.5907,0.5689,0.691,0.3727,0.6812,0.4746,0.7156,0.7027,0.6003,0.4748,0.5996,0.6969,0.621,0.5177,0.5344,0.5346,0.3711,0.4649,0.3665,0.4813,0.4722,0.2356,0.276,0.7116,0.3843,0.5894,0.4719,0.7463,0.6057,0.5878,0.3663,0.353,0.7067,0.57,0.5753,0.8182,0,0.2368,0.2311,0.459,0.61,0.3724
"Thymallus_grubii",0.8132,0.7624,0.8661,0.4961,0.6203,0.2437,0.7434,0.7219,0.3928,0.2828,0.3795,0.7059,0.7015,0.1362,0.6971,0.5303,0.4865,0.8441,0.325,0.3137,0.3137,0.1224,0.7114,0.7065,0.7104,0.4865,0.5741,0.7884,0.6407,0.6075,0.1206,0.2632,0.4837,0.6575,0.5389,0.7254,0.5959,0.8406,0.4578,0.629,0.3956,0.5156,0.6093,0.5803,0.4699,0.4748,0.8293,0.8218,0.8169,0.7091,0.4293,0.1606,0.0518,0.3919,0.8135,0.595,0.7021,0.5228,0.8162,0.5657,0.4631,0.5982,0.6958,0.3667,0.4902,0.817,0.8257,0.478,0.4917,0.589,0.7354,0.7431,0.7599,0.76,0.3744,0.4681,0.3519,0.4845,0.6979,0.0101,0.0506,0.4861,0.6097,0.8148,0.6973,0.5209,0.6024,0.8132,0.5918,0.5785,0.5988,0.5732,0.5608,0.5928,0.2368,0,0.0057,0.678,0.8354,0.5978
"Thymallus_tugarinae",0.8189,0.7681,0.8718,0.5017,0.626,0.238,0.749,0.7276,0.3871,0.2771,0.3738,0.7116,0.7071,0.1362,0.7028,0.5246,0.4808,0.8385,0.3194,0.308,0.308,0.1167,0.7171,0.7121,0.7161,0.4922,0.5684,0.794,0.6464,0.6131,0.1149,0.2688,0.4893,0.6518,0.5332,0.7197,0.6016,0.8462,0.4634,0.6347,0.3899,0.51,0.615,0.586,0.4642,0.4805,0.8349,0.8275,0.8226,0.7148,0.4236,0.1662,0.0461,0.3863,0.8192,0.6006,0.7078,0.5228,0.8218,0.56,0.4687,0.6039,0.6901,0.3724,0.4845,0.8227,0.8314,0.4837,0.4974,0.5947,0.741,0.7488,0.7656,0.7657,0.38,0.4737,0.3576,0.4902,0.7033,0.0044,0.0449,0.4805,0.6154,0.8205,0.703,0.5152,0.5968,0.8189,0.5974,0.5841,0.6045,0.5789,0.5664,0.5871,0.2311,0.0057,0,0.6723,0.8411,0.6035
"Tinca_tinca",0.269,0.2182,0.2108,0.3963,0.4094,0.5657,0.088,0.1777,0.4926,0.827,0.7015,0.3839,0.2683,0.5863,0.4862,0.6321,0.4751,0.2772,0.7581,0.7468,0.7468,0.5645,0.1672,0.2734,0.3884,0.4978,0.3439,0.2441,0.4298,0.3966,0.7759,0.4967,0.2728,0.4239,0.5275,0.4918,0.385,0.1852,0.4691,0.307,0.4954,0.6154,0.5096,0.2583,0.3548,0.2639,0.1739,0.1665,0.3838,0.3871,0.6401,0.7275,0.7071,0.3806,0.2693,0.3841,0.3801,0.5285,0.383,0.2323,0.3633,0.1651,0.24,0.6003,0.4811,0.2728,0.2815,0.4893,0.392,0.3781,0.3023,0.1989,0.2157,0.1047,0.3857,0.2572,0.3633,0.3848,0.1534,0.6768,0.7059,0.3637,0.3988,0.2706,0.2642,0.5096,0.2578,0.269,0.1587,0.2565,0.4991,0.4735,0.3499,0.4703,0.459,0.678,0.6723,0,0.4023,0.1647
"Xenocypris_argentea",0.1511,0.2603,0.2529,0.594,0.3405,0.8568,0.3676,0.2335,0.5615,0.7849,0.7349,0.3683,0.2616,0.7049,0.3861,0.4902,0.6197,0.1817,0.6804,0.9269,0.9269,0.7266,0.4849,0.2577,0.1506,0.3711,0.2806,0.1581,0.2498,0.2343,0.956,0.7033,0.4794,0.284,0.4054,0.3119,0.3694,0.2452,0.3776,0.3492,0.5643,0.3821,0.3651,0.3662,0.4919,0.4883,0.2605,0.262,0.1371,0.3537,0.6646,0.8141,0.8872,0.6718,0.2537,0.4973,0.3734,0.5938,0.1452,0.6233,0.4943,0.3717,0.3845,0.5935,0.4367,0.3683,0.257,0.5004,0.5985,0.4914,0.3533,0.2411,0.2578,0.369,0.4901,0.4905,0.5032,0.3691,0.2488,0.8455,0.886,0.5437,0.2366,0.1528,0.2575,0.6896,0.4378,0.1512,0.3741,0.2569,0.4923,0.3734,0.3857,0.4282,0.61,0.8354,0.8411,0.4023,0,0.4735
"Zacco_platypus",0.3443,0.2757,0.2739,0.2316,0.467,0.6193,0.1745,0.2626,0.6573,0.7695,0.6084,0.4503,0.3436,0.4673,0.5793,0.5192,0.3821,0.3886,0.6651,0.6893,0.6893,0.7113,0.2336,0.3398,0.4548,0.5643,0.4874,0.365,0.2682,0.2392,0.7184,0.3409,0.117,0.313,0.4167,0.6298,0.3403,0.2428,0.5845,0.3645,0.6601,0.7268,0.3449,0.3508,0.4766,0.3481,0.2315,0.2329,0.4476,0.4531,0.7604,0.5628,0.6496,0.5453,0.3398,0.4683,0.4554,0.6229,0.4495,0.2746,0.4681,0.2315,0.3691,0.6756,0.6436,0.3392,0.339,0.5824,0.4584,0.4623,0.3598,0.2564,0.2732,0.1622,0.461,0.352,0.4741,0.4512,0.2424,0.6079,0.6484,0.5284,0.4592,0.3459,0.3449,0.6743,0.4225,0.3443,0.2339,0.3527,0.5744,0.5801,0.4815,0.635,0.3724,0.5978,0.6035,0.1647,0.4735,0
