Sample,Abbottina_rivularis,Acheilognathus_chankaensis,Acheilognathus_macropterus,Aphyocypris_chinensis,Barbatula_nuda,Brachymystax_lenok,Carassius_auratus,Carassius_gibelio,Channa_argus,Chanodichthys_erythropterus,Chanodichthys_mongolicus,Cobitis_lutheri,Cobitis_melanoleuca,Coregonus_chadary,Cottus_poecilopus,Ctenopharyngodon_idella,Culter_alburnus,Cyprinus_carpio,Elopichthys_bambusa,Esox_lucius,Esox_reichertii,Eudontomyzon_morii,Gnathopogon_strigatus,Gobio_cynocephalus,Gobio_soldatovi,Gobiobotia_pappenheimi,Hemibarbus_labeo,Hemibarbus_maculatus,Hemiculter_bleekeri,Hemiculter_leucisculus,Hucho_taimen,Hypomesus_nipponensis,Hypomesus_olidus,Hypophthalmichthys_molitrix,Hypophthalmichthys_nobilis,Ictalurus_punctatus,Ladislavia_taczanowskii,Lefua_costata,Leiocassis_longirostris,Leuciscus_waleckii,Lota_lota,Luciobarbus_capito,Macropodus_chinensis,Megalobrama_skolkovii,Megalobrama_terminalis,Mesocottus_haitej,Micropercops_swinhonis,Microphysogobio_amurensis,Misgurnus_anguillicaudatus,Misgurnus_mohoity,Mylopharyngodon_piceus,Neosalanx_taihuensis,Oncorhynchus_keta,Oncorhynchus_mykiss,Opsariichthys_bidens,Oryzias_latipes,Parabotia_fasciatus,Parabramis_pekinensis,Paramisgurnus_dabryanus,Perca_fluviatilis,Perccottus_glenii,Phoxinus_phoxinus,Plagiognathops_microlepis,Protosalanx_hyalocranius,Pseudaspius_leptocephalus,Pseudobrama_simoni,Pseudorasbora_parva,Pungitius_sinensis,Rhinogobius_brunneus,Rhinogobius_cliffordpopei,Rhodeus_lighti,Rhodeus_ocellatus,Rhodeus_sericeus,Rhodeus_sinensis,Rhynchocypris_czekanowskii,Rhynchocypris_lagowskii,Rhynchocypris_oxycephalus,Rhynchocypris_percnurus,Rutilus_rutilus,Salvelinus_leucomaenis,Salvelinus_malma,Sander_lucioperca,Sarcocheilichthys_lacustris,Sarcocheilichthys_nigripinnis,Saurogobio_dabryi,Silurus_asotus,Siniperca_chuatsi,Squalidus_argentatus,Squalidus_chankaensis,Squaliobarbus_curriculus,Tachysurus_argentivittatus,Tachysurus_fulvidraco,Tachysurus_nitidus,Tachysurus_ussuriensis,Thymallus_arcticus,Thymallus_grubii,Thymallus_tugarinae,Tinca_tinca,Xenocypris_argentea,Zacco_platypus
Spring_W01_1,2,11,1,2,1427,1,14,976,0,775,11,0,0,0,1,16,0,1336,6,1,0,0,1,2,28,0,2,19,20,25,0,2,0,5,530,0,0,869,0,2395,1,1236,0,6,4,2,1,1,8,0,4,0,0,1,0,0,4,816,3,0,88,0,8,0,22,6,23,2,25,41,9,4,244,0,0,18,2559,3,32,0,1,4,1,0,3,15,3,306,17,2,0,445,0,0,0,0,0,2,5,982
Spring_W01_2,0,1,0,0,59,0,2,21,0,13,2,28,0,0,1,11,0,57,0,0,0,0,0,1,9,0,10,413,8,23,0,3,0,0,6,0,0,3,2,1108,4,57,0,0,0,28,0,13,2,1,5,0,0,0,0,0,2,1,7,0,276,0,0,0,3,15,1,5,26,2,0,0,33,0,0,0,32,7,2,0,0,11,0,0,2,24,14,8,21,0,0,6,1,1,0,0,0,0,266,31
Spring_W01_3,0,0,0,0,84,0,4,1669,1,7,7,0,0,0,1,8,1,65,0,0,0,0,0,0,21,0,2,662,45,15,0,4,0,0,38,0,0,19,0,8381,19,99,0,4,0,2,0,5,7,1,3,0,0,2,0,0,4,6,14,0,3099,0,5,0,80,8,10,3,24,8,0,10,39,0,0,3,19,6,891,0,0,5,0,0,11,31,0,1244,23,0,1,1511,1,11,0,4,0,0,878,132
Spring_W02_1,0,404,0,5,406,0,2,32,1,1398,2,0,0,0,0,11,4,530,0,0,12,0,20,254,41,0,6,32,29,1133,0,3,0,3,1397,0,0,3,2,29,0,52,0,0,0,3,0,11,3,1,1,0,0,2,0,0,2,2,494,519,9836,1,10,0,642,4,1,26,480,460,0,1,1,0,0,31,1442,3,2,0,0,2,0,0,2,28,5,1038,513,0,34,13,0,3,0,0,0,0,314,1074
Spring_W02_2,2,9,0,0,155,631,2,6,604,9,10,0,6,0,0,23,0,58,0,0,13,0,10,745,45,0,9,635,516,41,0,8,0,4,36,0,0,5,3,31,0,573,0,0,0,16,1,19,0,609,5,1,0,8,49,0,2,3,13,0,28278,8,11,0,21,4,0,23,59,74,0,18,6,0,2,38,13,5,0,0,0,13,0,4,5,5,12,83,11,0,35,362,0,12,0,0,3,0,10,13
Spring_W02_3,0,2,0,0,425,7,0,9,1,298,7,0,0,0,3,10,0,17,1,0,31,0,0,7,5,0,0,7,11,4,0,0,0,0,16,0,0,15,0,10,0,11,0,0,0,0,0,334,7,0,1,0,0,5,1,0,1,0,4,0,19139,0,0,0,429,3,0,21,21,4,0,3,3,0,2,69,3,4,0,0,0,2,0,0,1,13,8,6,6,0,12,440,2,6,0,0,0,0,3,16
Spring_W03_1,1,799,2,0,20,1,2,39,235,11,2,1,0,0,44,10,0,55,14,0,2,0,0,4,0,0,2,25,25,13,0,0,0,1,15,0,0,6,0,1194,0,30,0,0,4,3,0,20,9,2,79,0,0,0,11,0,9,3,0,0,309,0,14,0,3759,14,23,0,10,39,3,8,44,0,0,34,28,1,15,0,0,6,0,1,2,5,9,3112,32,0,8,13,0,6,0,0,0,0,12,44
Spring_W03_2,2,5,0,0,5,0,1,13,6,844,3,44,0,0,2,900,0,2372,0,0,11,0,0,1,1,0,3,668,16,708,0,0,0,0,39,0,0,1,0,43,2,69,0,0,0,53,0,959,0,0,893,0,0,0,5,2,3,1,0,0,441,0,2,0,17,27,0,0,39,3,0,5,26,3,0,9,912,4,0,0,0,20,1,0,3,2,2061,1077,986,0,8,13,0,1,0,0,0,4,10,68
Spring_W03_3,0,5,0,0,15,5,35,82,1,672,1569,0,0,0,0,14,0,42,0,0,7,0,0,0,2,0,0,22,49,22,0,0,0,4,1410,0,0,13,0,124,41,2983,0,0,6,2,0,63,0,1,2,0,0,0,6,0,14,0,0,0,559,0,8,0,108,866,16,0,1514,49,0,1593,52,0,0,9,9,0,25,0,0,6,0,0,9,1,11,1239,29,0,18,61,0,2,0,0,0,3,14,109
Spring_W04_1,259,10,0,0,36,0,19,16,3,30,3,0,0,0,1,1911,0,58,0,0,1721,0,13,3,1,0,1,30,240,15,0,0,0,5,21,0,0,11,0,694,0,1732,0,0,0,0,0,37,1,4,6,0,0,0,4,0,6,5,6,8,744,0,1855,0,19,3,0,32,3811,20,0,2,0,1,0,2618,22,1,1,0,0,5,0,0,16,14,3,1703,44,0,5208,13,0,6,0,0,0,0,19,101
Spring_W04_2,14,0,0,0,143,11,1,20,2,2,1,1,435,0,7,18,1,2511,3,0,845,0,1583,10,54,0,6,442,32,3755,0,7,0,0,358,0,0,2,0,1224,1,39,0,9,3,592,0,1,7,7,0,0,0,7,0,0,2,2,10,2,1356,7,14,0,1,11,6,38,1187,705,1,0,554,2,2,30,16,2,0,0,0,877,0,326,5,2,5,946,11,0,1585,9,2,861,0,0,6,2,499,14
Spring_W04_3,0,0,0,0,122,3,0,8,0,4,3,0,0,0,1,213,0,23,2,0,323,0,3,145,10,0,0,189,6,7,0,1,0,0,241,0,0,3,0,12,175,9,0,0,0,0,0,1,6,0,3,0,0,225,0,0,0,0,0,0,285,0,4,0,2,5,1,14,175,11,0,1,254,0,2,32,12,2,0,0,0,4,1,0,4,6,1,8,2,0,358,150,101,2,0,0,0,0,177,11
Spring_W05_1,0,6,0,0,18,4,1,43,1,5,0,0,0,0,0,23,0,38,1055,0,5,0,12,6,0,0,5,1140,1714,1238,0,0,0,1,22,0,0,12,0,56,0,625,0,3,609,4,1,5,2,1,560,0,0,2,0,0,1,22,0,0,1678,0,1443,0,30,877,2083,9,1536,1252,10,507,994,0,0,29,52,0,16,0,0,14,0,1,3,5,2,53,12,0,7,22,1,7,0,0,0,0,7,31
Spring_W05_2,0,0,0,0,11,2,9,17,0,6,0,28,0,0,2,4,0,41,3,0,4,0,6,0,1,0,3,38,7,1943,0,0,0,0,7,0,0,14,1,56,9,3284,0,1,4,99,0,11,0,0,11,0,0,1,0,0,0,3,0,0,90,0,6,0,0,1734,6,4,1750,11,0,1,44,0,0,6,1934,5,0,0,1,1768,0,1,1,0,15,33,7,0,7,3,1,2,0,0,0,1,7,5
Spring_W05_3,0,0,0,0,22,3,0,44,0,1,11,0,0,0,1,1,1,26,0,0,5,0,3,1,2,0,0,18,568,38,0,0,0,0,1230,0,0,14,0,564,25,34,0,0,1,9,0,1,0,0,2,0,0,0,0,0,7,1,1,0,2502,0,2,0,40,12,10,4,22,5,0,7,3965,0,0,2,9,0,13,0,0,19,0,1,3,1,9,72,1,0,5,1367,2,5,0,0,0,0,11,22
Spring_W06_1,3,6,0,1,3239,1,2,1273,0,23,4,1,1,0,3,21,0,44,5,0,17,0,1363,3,0,0,1,908,37,1047,0,0,0,0,41,0,0,2,0,13,1,36,2,2,2,4,58,4,0,0,4,0,0,1,0,0,0,5,11,15,191,0,15,0,10,12,4,2726,61,18,0,2,18,0,0,1962,25,0,1,0,0,19,0,3,17,0,10,1963,13,2,68,14,2,8,0,0,0,0,1242,32
Spring_W06_2,4,1,0,0,5808,577,4,42,13,3,1,20,6,0,16,2547,2,113,0,0,3,0,18,5,66,0,3,28,126,50,0,18,0,2,3579,0,0,4,0,286,7,29,0,0,2,1532,0,1,18,14,3,0,0,4,6,0,0,0,21,0,491,1409,1184,0,5,5,0,3779,1412,1470,5,0,1445,0,661,7615,1260,11,13,0,0,27,1,5,3,10,10,72,3,0,24,7,0,10,0,1,713,1,11,29
Spring_W06_3,4,1,0,0,4747,778,3,28,0,9,6,8,0,0,2,107,0,1253,0,0,10,2,0,3,12,0,0,15,4,8,0,0,0,0,938,0,0,11,0,1135,8,19,0,0,1,17,0,2,860,0,5,0,0,7,0,0,0,0,0,2,3034,5,3,0,4,5,0,2687,28,21,5,0,45,0,845,11827,6,2,7,0,0,5,1,0,2,8,4,6,0,0,5,5,0,1,0,0,2,0,4,706
Spring_W07_1,0,7,0,0,71,9,8,2754,8,11,0,35,0,0,4,19,0,57,7,0,0,0,7,0,0,0,1,25,6,19,0,0,0,3,24,0,0,10,1,61,9,74,0,0,7,24,0,0,126,0,3,0,0,0,2,0,1,11,0,0,2424,3,23,0,40,8,20,24,27,2453,1161,3,7003,0,4,2144,54,4,2011,0,0,8,1,0,2,0,11,125,5,0,0,11,0,0,0,0,2,4,1,28
Spring_W07_2,0,0,0,0,69,4,0,969,2,5,0,4798,0,0,48,10,32,34,0,0,0,0,0,0,0,0,1,1066,6,25,0,0,0,1,32,0,0,49,0,1969,917,78,0,0,0,5644,0,17,8,0,8,0,0,0,0,0,0,0,1,0,6918,2,7,0,3,18,1,18,57,30,2,0,4176,0,6,99,25,763,10,0,0,21,0,0,2,3,20,42,5,0,0,1,0,0,0,0,1,9,7,6
Spring_W07_3,7,56,0,0,92,17,6,2287,1,24,4,3291,0,0,0,48,4,1157,0,0,0,0,24,7,0,0,14,92,178,187,0,0,0,4,9,0,0,48,22,13,14,241,0,1,1,2,0,76,4,0,1,0,0,0,3,1173,4,17,0,1,5990,3,5,0,4,7,0,8,5,5,0,0,9668,0,1,49,46,0,2,0,0,42,0,12,24,71,90,96,14,0,1,36,0,43,0,7,0,84,61,22
Spring_W08_1,0,9,0,0,891,0,9,3501,0,0,0,6,0,0,0,31,20,42,0,0,0,0,4,0,0,0,6,32,52,620,0,0,0,4,15,0,0,10,0,1018,0,58,0,0,2,34,0,6,0,0,0,0,0,0,2,0,12,0,0,0,2073,0,0,0,210,0,69,0,418,2,0,1,14,0,0,571,485,0,0,0,0,786,0,0,2,13,1,1099,3,0,0,11,0,12,0,0,0,2,622,1
Spring_W08_2,0,172,1,0,20,0,1,1360,0,838,1,11,7,0,0,6,6,386,0,0,1,0,2,3,0,0,0,186,315,422,0,0,0,1,6,0,0,17,0,694,310,42,0,0,0,9,9,356,0,0,1,0,0,0,0,0,2,4,0,0,1166,0,22,0,662,0,0,0,23,238,0,2,4,2,0,3,47,1,4,0,0,153,0,5,14,24,0,25,2,0,0,125,1,0,0,0,0,1,476,7
Spring_W08_3,1,18,0,0,9,0,2,1487,0,3,213,0,0,0,0,7,4,537,4,0,378,0,16,1,0,0,221,302,355,1171,0,0,0,0,13,0,0,0,0,440,405,19,0,0,1,14,0,5,0,3,0,0,0,0,0,0,5,3,0,1,54,0,4,0,0,10,0,5,17,1,0,0,1,2,0,10,25,795,0,0,0,226,0,6,1,63,1,907,5,0,0,9,1,0,0,1,0,1,33,7
Spring_W09_1,13,2001,10,0,903,0,7,503,0,425,9,624,1,0,0,634,2,518,1,0,199,0,5,6,0,0,23,30,1248,785,0,0,0,5,34,1,0,2,0,1171,7,12,0,2,3,17,0,78,0,0,7,0,0,0,0,0,8,335,6,1,745,0,398,0,6,5,0,1,1338,12,1,360,4,4,0,57,1052,3,7,0,0,331,0,30,6,253,7,464,25,0,0,908,499,4,0,0,0,383,1345,9
Spring_W09_2,6,1182,3,0,7,0,7,71,2,8,2,4,0,0,8,36,7,19,0,0,1,0,0,0,0,0,17,424,167,322,0,0,0,1,1330,0,0,3,0,2552,13,18,0,0,1,781,0,58,0,0,0,0,0,0,0,0,3,1,0,0,1272,0,4,0,3,2,0,0,1449,819,0,1,1,710,0,497,6,1,12,0,0,712,0,971,0,696,701,1492,16,0,0,9,1,0,0,0,0,0,341,779
Spring_W09_3,8,927,1,1,9,0,6,855,2,7,1,7,0,0,0,1440,2,941,0,0,0,0,1,546,0,0,20,1157,242,205,0,0,0,0,628,0,0,5,0,34,11,1121,0,2,0,3,0,93,2,0,1,0,0,0,0,3,1034,28,0,2,39,1,4,0,0,0,0,1196,141,10,0,2,17,2,0,1575,11,3,1,0,0,831,0,1874,8,29,5,1561,518,0,1,740,2,0,0,8,0,4,2599,15
Spring_W10_1,0,17,0,0,11,0,5,457,0,3,4,1,1,0,1,141,41,144,0,0,2,0,3,1,0,0,12,14,166,155,0,0,0,0,9,0,0,2,0,25,2,11,0,2,115,2,0,3,0,0,1,0,6,0,0,0,4,4,0,0,23,0,0,0,13,0,1,4,293,4,0,120,251,2,0,9,11,2,1,0,0,5,0,6,0,24,1,19,3,0,3,8,0,0,0,0,0,4,19,6
Spring_W10_2,5,58,0,0,512,0,11,2596,0,15,2,1239,0,0,0,12,37,73,1,0,0,0,13,2,0,0,6,9,383,1417,0,0,1,0,3,0,0,2095,0,30,13,16,0,0,1,3,1687,100,0,0,0,0,1,0,0,0,167,0,5,1,1343,0,117,0,13,1,0,0,1,5,0,0,168,0,0,27,4,0,47,0,0,1,0,3,1,22,2,44,11,29,4,11,0,0,0,0,0,3,75,1026
Spring_W10_3,11,87,1,0,8,0,18,2829,2,1,13,5,0,0,0,27,20,1097,368,0,559,0,15,0,0,0,13,74,4220,990,0,0,0,1,0,0,0,9,0,25,10,1402,0,3,2,1,5,127,0,1,0,0,3,0,1,0,1,16,0,0,5381,0,8,0,6,22,2,0,17,10,1,0,1,0,0,51,1949,15,2,0,0,17,0,2,1,109,462,246,29,0,1,5,0,0,0,0,0,1,1282,5
Spring_W11_1,854,4339,12,0,457,1,52,1044,33,9,17,11,0,0,1,370,36,87,1,0,47,1,18,11,0,0,20,16,19858,13465,0,0,0,7,98,13,0,3,0,90,38,56,0,0,2,1,1,6291,39,0,0,0,1,0,10,0,11,4,0,0,10,15,13,0,6,1,45,0,27,28,29,23,43,1,0,2004,24,1,20,0,0,4,0,123,12,76,1,1479,937,0,69,62,4,23,0,1,24,6,3122,12
Spring_W11_2,430,2473,3,0,268,0,44,624,0,0,35,2,0,0,0,127,23,77,1,0,0,0,11,11,0,0,20,90,12019,27579,0,0,40,2,153,0,0,1,0,114,63,30,0,0,11,3,1,4083,0,0,0,0,1,0,0,0,1,0,0,0,56,0,4,0,3,0,38,0,29,14,22,12,2,3,0,1805,25,3,16,0,0,4,0,97,17,53,4,973,448,0,105,1,0,4,0,0,5,5,2392,32
Spring_W11_3,557,4943,0,0,480,0,36,789,0,1,24,6,0,0,0,258,68,204,0,0,0,1,19,8,0,0,9,203,18228,14208,0,0,0,0,37,0,0,7,0,206,182,80,0,2,2,0,4,5659,122,0,0,0,0,0,0,3,5,1,0,0,25,74,8,0,7,1,63,4,81,1,0,4,21,0,0,1790,3,2,13,0,0,8,0,153,5,33,0,1621,1016,0,132,11,0,0,0,4,0,1,2655,4
Spring_W12_1,5,1100,0,0,21,0,23,14958,0,0,1,3,0,0,14,12,5615,2167,2,0,0,0,490,1,0,0,988,1031,3888,11169,0,0,0,1,15,0,0,2,0,20,1,26,0,0,2,2,6,94,1,0,0,0,430,0,0,0,1,0,0,0,481,0,0,0,1673,0,4,0,887,4,0,6,4,0,0,39,10,0,2,0,0,4,0,8,2,2874,1,36,30,0,6,193,0,0,0,0,1,1,441,422
Spring_W12_2,0,6,0,0,34,1,48,13586,0,16,8,8,0,0,0,6,1652,3639,1,0,0,0,576,1,13,0,21,18,4632,10936,0,2,0,0,4,0,0,25,0,1045,490,199,0,0,1,0,14,5,0,0,0,0,0,0,0,0,0,0,2,0,16,0,0,0,7,2,3,1,13,11,0,0,3,0,0,1,6,6,2,0,0,10,0,0,2,1400,0,1115,23,0,1,15,1,2,0,5,0,1,1072,27
Spring_W12_3,0,626,0,0,9,0,29,11336,0,2,1,0,0,0,0,4,5,2885,3,0,252,0,1027,0,1,0,16,2055,3387,6808,0,0,0,2,0,0,0,9,0,6,9,372,0,1,11,0,0,1,1,0,3,0,0,0,0,0,3,3,0,0,13,0,0,0,2,858,0,0,802,2,0,2,1,0,0,1,12,2,2,0,0,5,0,2,0,4660,1,3972,26,0,1,8,2,0,0,3,0,1,9,18
Spring_W13_1,11,887,10,0,23,333,70,5998,1,353,7,4,0,0,0,50,24,1818,0,0,0,0,7,3,1,0,1685,57,1187,1004,0,0,0,138,9,0,0,12,0,793,525,641,0,4,5,3,0,94,4,0,0,0,0,0,2,0,3,2,0,3,10,0,13,0,476,15,1,0,1448,461,0,3,438,0,0,365,490,4,12,0,0,8,0,512,261,5933,4,57,26,1,4,2379,7,3,0,5,1,5,507,26
Spring_W13_2,3,72,0,0,13,2,61,6873,0,5,5,0,0,0,0,752,502,1104,0,0,0,0,13,3,0,0,2502,731,3908,4297,0,0,0,3,24,0,0,11,3,656,1874,1731,0,1,0,5,0,98,0,0,0,0,0,0,0,0,8,0,0,0,8,0,2,0,2,6,2,0,18,14,0,0,0,10,0,27,3,1,8,0,0,7,0,17,7,5082,8,56,52,0,6,495,0,4,0,1,0,4,1477,64
Spring_W13_3,303,108,0,0,22,0,55,3073,1,5,9,15,0,0,1,27,13,1899,0,0,1,0,9,10,1,0,1185,1511,2901,1618,0,0,0,2,9,0,0,477,0,24,1404,5834,0,249,10,16,0,121,1,0,0,0,0,0,0,6,26,2,0,0,161,0,0,0,5,4,0,9,6,686,0,0,37,0,0,29,11,1,3,0,0,405,0,21,82,4345,1,84,58,0,6,1203,0,2,0,2012,1,0,92,105
Autumn_W01_1,1,607,4,0,7,22,86,1769,2,791,1,20,0,0,2,41,27,39179,15,0,1093,1,8,15,2,2,7,14,35,529,3,1,0,0,6,0,1,0,0,74,62,1,0,0,1,0,5,0,0,0,0,0,1876,0,0,29,8,0,0,0,180,1,0,0,1,0,90,2,3,2,55,2,32,0,0,180,10,4,4,1,0,0,0,0,4,829,3,17,116,0,20,185,18,22,0,0,14,4,434,1
Autumn_W01_2,8,432,0,0,3,9,60,1318,28,257,1,0,14,0,0,79,34,10558,12,0,755,0,7,6,2,1,77,81,16,406,0,1,0,1,2,0,1,0,0,40,6,2,0,0,12,0,2,6,0,0,0,0,699,1,0,12,0,0,0,0,162,0,0,0,19,0,82,3,2,0,44,0,22,0,0,257,10,4,2,0,0,0,1,1,10,830,37,23,57,0,24,36,34,4,0,0,0,2,435,0
Autumn_W01_3,17,395,0,0,37,10,82,1322,0,103,0,8,1,0,0,24,24,47847,13,0,1355,0,2,17,6,1,9,12,11,463,1,3,0,0,6,5,1,1,0,40,61,6,0,0,20,0,5,0,0,2,0,0,1691,1,0,37,0,0,0,0,94,0,1,1,2,0,58,5,2,8,107,0,38,0,1,235,21,2,3,2,0,0,0,10,8,592,31,9,53,0,25,79,33,9,0,0,7,1,286,0
Autumn_W02_1,10,3541,1,0,327,2,10,1681,1,17,1,0,2,0,0,183,2,1432,7,0,7106,0,12,378,0,110,9,7,10,739,0,3,0,0,2,0,1,1,0,28,912,13,0,0,0,0,4,0,0,0,0,0,5876,1,0,788,0,0,0,0,1350,0,0,0,3,0,35,1,0,4,19,0,62,0,0,3255,19,19,1,0,0,0,0,12,2,11324,3,0,17,0,60,9,635,339,0,0,0,0,28,0
Autumn_W02_2,0,3840,7,0,0,20,16,1827,0,32,1,3,0,0,0,372,13,1433,911,0,5402,0,6,3,1,0,548,294,8,667,0,1,0,0,5,0,0,5,0,816,6,6,0,0,0,0,370,0,0,0,0,0,19422,3,0,5,0,0,0,0,314,0,0,0,1,0,1175,3,0,0,927,0,38,1,3,1818,13,71,0,0,0,0,0,22,3,7673,16,0,20,0,59,249,44,5,0,0,0,0,216,7
Autumn_W02_3,1,2503,9,0,4,15,20,1253,1,13,0,0,0,0,0,577,1,1487,16,0,3016,0,0,1,94,1,15,24,19,2319,0,28,0,0,3,0,31,60,0,695,15,3,0,0,0,0,3,1,0,0,0,0,19385,3,0,105,0,0,0,0,305,0,0,0,4,0,86,153,29,0,1078,1,225,1,0,1185,368,10,0,0,0,2,117,0,56,8771,173,18,53,0,27,312,65,50,0,0,0,2,151,7
Autumn_W03_1,10,353,2,0,120,16,55,991,38,49,39,120,0,0,110,56,11,672,0,0,973,17,108,2,3,0,19,10,435,13307,0,2,0,0,3,0,11,4,0,184,16,3,0,0,0,0,0,80,0,0,1,0,495,0,0,5,0,0,0,0,23,1,1,0,1,0,56,1,1,6,390,1,37,1,0,479,5,17,10,0,0,0,0,10,4,1250,1,97,99,0,213,95,47,3,0,0,9,4,26194,1
Autumn_W03_2,18,632,3,0,69,14,37,937,2,38,82,3,0,0,0,58,12,364,0,0,591,0,192,1,2,0,115,15,100,7939,0,1,0,0,78,2,7,0,0,224,199,4,0,0,0,0,0,3,0,0,1,0,982,1,0,4,1,0,0,0,68,0,5,1,7,0,46,22,4,0,405,2,155,1,0,311,8,9,2,0,0,0,0,9,2,1012,0,9,85,0,515,8,141,7,0,0,0,0,31494,2
Autumn_W03_3,94,511,0,0,164,88,54,1036,0,11,2,187,0,0,0,129,3,836,0,0,1330,0,90,57,76,0,92,9,303,16348,0,109,0,0,6,166,6,1,0,20,345,0,0,0,0,0,0,3,0,2,1,0,6039,0,0,3,0,0,0,0,439,0,3,47,3,0,38,3,2,4,60,0,119,0,0,50,240,15,6,0,0,0,0,21,2,1253,3,319,54,0,277,150,920,236,0,1,2,1,16113,1
Autumn_W04_1,481,508,2,0,13,9,5,1092,1,13,1,2,3,0,0,966,0,56,0,0,6532,0,536,31,0,2,246,200,903,10050,0,5,0,0,3,1,13,2,0,14,743,3,0,0,0,0,0,0,0,0,0,0,1021,1,0,19,0,0,0,0,75,0,0,0,1,0,20,11,0,2,16,0,80,0,0,58,13,824,1,0,0,0,0,478,10,8188,1,3,21,0,1973,5,904,19,0,0,0,0,2067,9
Autumn_W04_2,3,326,1,0,4,639,5,1683,1,978,1,10,0,0,1,24,40,767,33,0,4130,0,22,0,4,0,24,16,426,2755,0,2,0,0,25,9,10,252,0,497,5,1,0,0,0,0,7,5,0,0,0,0,1474,0,0,0,0,0,0,0,257,0,0,0,4,0,94,6,1,0,757,0,1147,2,11,117,7,7,1,0,0,0,0,1467,3,13415,19,11,22,0,3975,83,2271,0,0,0,0,1,3873,3
Autumn_W04_3,8,689,1,0,487,654,6,2190,1,11,2,2,0,0,3,39,0,1002,1,0,4817,0,9,3,9,0,795,353,1830,3406,0,2,0,0,207,1,1549,3,0,54,645,1,0,0,0,0,0,277,0,0,0,0,2894,1,0,8,1,0,0,0,1173,0,0,2,1,0,69,15,39,0,39,42,114,0,0,39,25,15,3,0,0,0,3,18,9,8120,40,504,20,0,2503,175,294,60,0,0,0,1,3929,2
Autumn_W05_1,3,5872,15,0,5,776,350,21087,1,130,0,3,0,0,0,360,4,1585,0,0,3577,1,2,8,1,0,8,13,1035,650,0,1,0,0,6,1,0,0,0,22,4,7,0,0,1,0,5,1,0,0,0,0,3116,1,0,3,1,0,0,0,17,1,0,0,4,0,57,9,4,1,683,1,383,7,9,361,10,1,2,0,0,0,0,0,15,3799,11,13,313,0,342,23,737,1,0,0,611,2,871,5
Autumn_W05_2,12,4159,1,0,3,718,227,18195,0,15,2,0,0,0,0,20,8,1123,0,0,3984,0,6,13,0,0,15,19,1452,855,0,6,0,0,10,0,0,1,0,83,8,10,0,0,0,0,0,0,0,0,0,0,6275,1,0,6,0,0,0,0,395,0,0,0,217,0,288,24,184,0,874,1,851,0,15,417,16,2,9,0,0,0,0,0,10,3193,17,10,161,0,40,9,1906,65,0,0,9,1,1123,0
Autumn_W05_3,11,3786,2,0,282,330,363,12842,0,1,0,8,0,0,0,395,2,2370,0,0,1528,0,33,12,0,0,87,15,358,717,58,300,1,0,9,6,0,2,0,72,258,8,0,0,60,0,0,0,0,3,0,0,17601,2,0,1,0,0,0,0,205,0,0,1,115,0,364,265,138,4,329,1,397,0,8,34,431,9,5,0,0,0,0,0,9,1604,11,16,127,0,22,20,261,8,0,0,243,2,310,10
Autumn_W06_1,19,494,0,0,15,32,67,4752,3,3,0,1,4,0,0,34,0,180,0,0,3945,0,12,1175,0,2,6,11,1609,293,1,8,0,0,4,0,0,3,0,25,36,258,0,0,1,0,0,0,0,0,0,0,3527,2,0,29,0,0,0,0,112,0,0,0,6,0,54,14,1,4,33,0,949,0,3,317,38,24,3,0,0,0,0,10,8,12715,7,3,24,0,2989,17,99,18,0,0,3,3,1031,0
Autumn_W06_2,0,630,2,0,2,32,568,5999,0,18,1,7,0,0,1,9,28,719,30,0,5185,0,12,9,3,0,14,12,709,1437,0,0,0,0,781,0,0,158,0,425,11,10,0,0,2,0,10,0,1,0,0,0,3777,1,0,0,0,0,0,0,770,0,0,0,6,0,796,19,2,0,49,0,92,0,1231,50,633,6,0,1,0,0,0,31,2,15627,1958,7,13,0,127,111,106,1,0,0,12,1,724,0
Autumn_W06_3,3,1505,2,0,2,49,78,8090,0,1,0,0,0,0,0,24,0,2418,0,0,2052,0,1,7,3,0,18,1296,1312,910,0,6,0,0,9,0,21,3,0,37,713,4,0,0,0,0,0,10,0,0,0,0,3886,4,0,9,0,0,0,0,107,0,0,0,4,0,1371,37,33,0,51,0,470,0,9,36,18,1,1,1,0,0,1,0,622,12539,45,814,6,0,79,1635,48,8,0,0,10,0,1852,0
Autumn_W07_1,140,4922,4,0,1,25,343,18127,1,157,8,92,2,0,2,50,417,2848,1,0,424,26,7,0,0,0,261,214,1090,5797,0,2,0,0,0,0,0,0,0,306,1,6,0,0,35,0,137,1,0,0,0,0,1077,0,0,7,0,0,0,0,428,19,0,0,2,0,725,1,11,3,41,0,31,0,0,19,19,0,20,0,0,0,0,0,2,4365,7,7,2250,0,11,56,123,3,0,0,20,1,1305,1
Autumn_W07_2,369,5866,6,0,2,13,313,14364,2,123,3,4,1,0,0,144,329,1151,2,0,168,1,11,0,1,0,376,332,599,5744,0,5,0,0,2,0,0,0,0,20,8,6,0,0,0,0,1,1,32,0,0,0,942,3,0,14,1,0,0,0,1472,2,0,0,112,0,434,1,9,0,29,1,34,0,0,24,17,4,20,0,0,0,0,1,3,2949,21,3,1593,0,306,34,89,0,0,0,0,0,2066,2
Autumn_W07_3,553,4572,3,0,7,23,492,18871,1,15,3,146,4,0,0,86,156,3365,0,0,319,1,14,4,2,0,141,12,621,5517,1,13,0,0,30,8,0,0,0,116,119,12,0,0,1,0,2,0,0,127,0,0,3347,0,0,2,1,0,0,0,1567,0,0,1,3,0,530,7,13,2,230,3,47,1,1,114,41,6,34,0,0,0,0,0,6,3323,7,129,1987,0,13,59,32,7,0,0,7,5,1738,0
Autumn_W08_1,270,932,4,0,6,2,58,2757,117,103,3,2,176,0,0,21,14,880,0,0,1741,2,8,24,0,1,12,9,54,419,0,414,2,0,0,0,0,0,0,14,25,9,0,0,0,0,2,2,0,1,0,0,37927,1,0,18,1,0,0,0,583,0,0,0,10,0,26,1,3,1,9,2,634,0,0,185,775,116,4,0,0,0,0,18,2,1993,3,0,47,0,64,38,28,8,0,0,0,0,56,0
Autumn_W08_2,5,3480,7,0,1,20,66,5872,0,20,1,0,1,0,0,8,980,2719,28,0,2070,1,434,0,2,0,16,17,28,335,0,0,0,0,8,0,0,5,0,43,2,1,0,0,1,0,7,0,0,2,0,0,4263,3,0,1,0,0,0,0,105,0,0,0,3,0,85,35,3,0,29,1,37,0,17,45,25,8,7,2,0,0,0,31,0,4701,34,1,58,0,76,2605,39,0,0,0,0,0,104,0
Autumn_W08_3,10,909,7,0,8,20,53,3103,0,1,1,2,0,0,0,12,10,2302,0,0,1281,0,1,0,2,0,22,33,56,1044,0,0,0,0,3,0,18,1,0,22,6,1,0,0,0,0,0,2,1,0,0,0,22985,3,0,4,0,0,0,0,732,0,0,0,5,0,41,10,941,4,536,0,38,2,0,8,277,5,2,0,0,0,2,0,11,1766,1105,22,39,0,46,2076,10,2,0,0,0,4,95,0
Autumn_W09_1,8,1470,36,0,4,14,242,4472,2,35,65,43,0,0,2,11,13,1620,2,0,6325,0,5,0,79,0,9,4,205,11783,0,2,0,0,3,0,0,0,0,224,3,11,0,0,1,0,3,2,0,0,0,0,4502,2,0,393,0,0,0,0,1229,0,1,0,1,0,1245,1,119,127,1144,0,1841,5,0,14,63,57,21,0,0,0,0,1,1,2802,2,0,1664,0,5,130,15,1,0,0,10,2,2306,0
Autumn_W09_2,126,1334,3,0,2,7,155,3871,1,9,4,4,0,0,0,7,10,663,0,0,2675,0,2,0,2,0,102,6,350,11786,0,215,1,0,6,0,0,0,0,325,7,4,0,0,0,0,0,0,0,0,0,0,3724,0,0,763,1,0,0,0,1096,0,0,0,7,0,2168,6,3,4,870,3,1108,6,0,15,155,137,16,0,0,0,0,2,1,2343,267,0,1800,0,19,2,19,0,0,0,0,4,2323,0
Autumn_W09_3,162,880,0,0,12,13,364,4385,0,7,1,9,1,0,0,4,4,2384,1,0,4519,0,5,5,11,0,9,1,258,9145,1,186,0,0,7,4,2,1,0,136,251,4,0,0,3,0,0,0,0,1,0,0,13838,2,0,288,0,0,0,0,1852,0,2,0,1,0,1771,4,5,448,1310,0,2539,3,0,10,27,149,16,0,0,0,0,2,0,1160,3,15,1132,0,9,6,41,7,0,0,8,1,1377,2
Autumn_W10_1,212,2801,4,0,10,1,91,16026,1,5,0,1,4,0,0,24,0,333,0,0,1690,0,12,30,3,5,5,6,57,7543,0,9,0,0,53,0,0,0,0,863,35,9,0,0,0,0,0,0,0,0,0,0,2906,2,0,410,0,0,0,0,3235,0,0,0,0,0,1125,1,3,246,849,1,4164,18,0,63,21,729,4,0,0,0,0,123,3,1552,1,1,649,0,65,5,39,13,0,0,1,1,104,0
Autumn_W10_2,5,2623,3,0,59,16,52,12038,0,151,1,128,0,0,0,6,22,588,30,0,842,0,11,1,125,0,15,6,37,4440,0,3,0,0,109,0,1,3,0,147,0,6,0,0,0,0,10,0,0,0,0,0,13394,1,0,7,0,0,0,0,3589,0,0,0,3,0,642,2,1,6,230,1,2589,0,11,121,468,127,5,1,0,0,0,17,0,1429,21,0,874,0,43,54,29,0,0,0,0,1,110,0
Autumn_W10_3,183,2241,3,0,3,17,84,22551,0,4,2,0,0,0,0,18,0,876,1,0,1777,0,1,0,102,0,201,36,62,5822,0,3,0,0,255,0,14,1,0,48,21,3,0,0,0,0,1,3,0,0,0,0,3154,1,0,489,0,0,0,0,4468,0,0,0,1,0,980,7,41,12,899,0,4938,1,0,186,37,297,8,0,0,0,5,0,9,1985,45,30,563,0,45,73,9,5,0,0,2,0,167,1
Autumn_W11_1,0,40,0,0,4025,166,9,869,0,0,0,168,0,0,0,4,0,118,0,0,294,165,0,117,49,0,0,4,4,582,0,1146,7,0,17,2,0,1361,0,33,16,0,0,0,0,0,0,0,112,0,0,0,19004,7,0,121,0,0,25,0,1510,413,0,0,42,0,96,2940,16,5,352,1,1925,0,861,4386,2106,287,1,0,0,0,0,18,3,192,0,6,1,0,0,8,0,0,1,3,506,2,165,0
Autumn_W11_2,0,36,0,0,4436,640,6,644,0,0,0,34,1,0,0,35,0,11,0,0,734,1,0,517,417,0,5,0,20,362,3,6,0,0,1,3,0,2320,0,74,0,0,0,0,0,0,0,0,242,0,0,0,2520,29,0,100,0,0,1,0,1819,763,0,5,3,0,29,4268,7,5,218,0,4933,0,357,7951,106,436,0,31,0,14,0,1,6,44,6,0,2,0,0,3,0,0,1,7,1078,0,83,5
Autumn_W11_3,0,36,1,0,4999,580,10,238,0,1,0,3,0,0,0,38,1,8,0,0,719,0,0,447,386,0,4,6,7,280,0,3,1,0,0,0,0,2363,0,46,0,1,0,0,0,0,0,0,178,0,0,0,1209,0,0,46,0,0,2,0,1623,661,0,0,0,0,14,5834,0,1,139,1,5810,1,349,9980,63,292,0,7,0,0,0,0,9,55,0,0,0,0,0,4,0,0,11,56,1131,0,54,2
Autumn_W12_1,33,810,2,0,1123,61,20,2304,0,0,0,205,0,0,0,127,0,61,0,0,427,1,1,125,451,0,0,0,3,4045,0,6,0,1,0,2,0,174,0,456,0,0,0,0,0,0,0,0,10,0,0,0,4342,6,0,8080,1,0,1,0,876,45,0,0,8,0,311,332,1,192,12305,2,2859,22,169,3220,127,502,0,0,0,0,0,0,3,1228,0,0,50,0,0,534,0,0,2,1,65,4,14,91
Autumn_W12_2,0,91,0,0,456,84,28,841,44,0,0,3,0,2,0,49,0,363,0,1,367,0,0,16,87,0,1,0,1,1186,0,9,0,0,44,5,0,123,0,37,0,0,0,0,0,0,0,0,8,0,0,0,25996,50,0,3530,3,0,0,0,212,28,0,0,77,0,209,297,298,533,5079,0,1622,30,80,2028,3436,306,1,4,0,0,0,0,5,318,0,0,1,0,0,4,0,0,38,2,102,2,13,3
Autumn_W12_3,0,1971,8,0,550,174,17,3700,0,0,0,5,6,0,0,4,0,164,0,0,146,2,0,222,25,0,1,0,3,4467,0,8,0,0,2,194,0,179,0,696,0,1,0,0,0,0,0,0,14,0,0,0,4068,13,0,11321,0,0,0,0,363,65,0,0,7,0,590,421,3,11,14899,1,3342,36,175,3545,127,388,0,9,0,1,0,0,5,710,0,0,187,0,0,2,0,0,2,1,124,6,12,0
Autumn_W13_1,0,590,0,0,685,35,65,17798,0,0,0,875,2,0,0,1,0,131,0,0,48,7,0,18,24,0,0,8,163,290,0,35,1,0,13,0,0,93,0,11,20,4,0,0,0,0,0,0,51,0,0,0,2253,2,0,3,1,0,218,0,8087,25,0,0,5,0,52,226,9,0,15,0,166,0,178,838,271,32,2,1,0,3,0,18,0,145,2,93,0,0,0,1,0,0,0,0,69,1,133,1
Autumn_W13_2,0,124,1,0,805,88,69,15758,0,0,0,764,3,0,0,4,1,130,0,0,634,0,0,43,57,0,1,0,215,207,0,1,0,0,0,1,0,143,0,8,1,4,0,0,0,0,0,0,249,0,0,0,3222,20,0,4,0,0,3,0,7774,80,0,4,1,0,27,284,1,0,194,0,857,0,177,1045,34,151,1,9,0,353,0,1,0,31,113,0,0,0,0,1,0,0,1,1,88,1,57,2
Autumn_W13_3,0,366,0,0,1229,180,144,12272,0,3,1,241,0,0,0,22,0,33,0,0,546,1,0,104,70,0,10,11,16,631,0,1,0,0,1,0,0,390,0,169,0,5,0,0,0,0,0,0,30,0,0,0,13999,5,0,5,0,0,203,0,7033,96,0,1,8,0,10,1017,0,0,18,0,931,0,360,2517,440,633,0,4,0,6,0,0,1,457,3,2,0,0,0,0,0,0,5,11,261,0,120,3
