"Species_code","Species","Diet","Mouth position","Trophic level","Water layer","Migration type","Body shape","Max body length (cm)","Egg ecological type","Resilience"
"Abbottina_rivularis","Abbottina rivularis","Omnivore","Inferior",3.3,"Benthic","Resident","Bent-axis",18.9,"Adhesive","Medium"
"Acheilognathus_chankaensis","Acheilognathus chankaensis","Omnivore","Terminal",2,"Benthic","Resident","Bent-axis",14.4,"Adhesive","Medium"
"Acheilognathus_macropterus","Acheilognathus macropterus","Omnivore","Inferior",2,"Benthic","Resident","Oval",27.5,"Adhesive","Medium"
"Aphyocypris_chinensis","Aphyocypris chinensis","Omnivore","Terminal",3.1,"Mid-upper","Resident","Elongate",6,"Adhesive","High"
"Barbatula_nuda","Barbatula nuda","Omnivore","Inferior",2.6,"Benthic","Resident","Elongate",22,"Adhesive","Low"
"Brachymystax_lenok","Brachymystax lenok","Carnivore","Terminal",3.8,"Mid-lower","Migratory","Elongate",80,"Adhesive","Low"
"Carassius_auratus","Carassius auratus","Omnivore","Terminal",2,"Benthic","Resident","Oval",48,"Adhesive","Medium"
"Carassius_gibelio","Carassius gibelio","Omnivore","Terminal",2.5,"Benthic","Resident","Bent-axis",46.6,"Adhesive","Medium"
"Channa_argus","Channa argus","Carnivore","Terminal",4.4,"Benthic","Resident","Elongate",100,"Pelagic","Low"
"Chanodichthys_erythropterus","Chanodichthys erythropterus","Carnivore","Superior",4.4,"Mid-upper","Migratory","Elongate",102,"Pelagic","Low"
"Chanodichthys_mongolicus","Chanodichthys mongolicus","Carnivore","Superior",3.3,"Mid-upper","Migratory","Bent-axis",100,"Adhesive","Low"
"Cobitis_lutheri","Cobitis lutheri","Omnivore","Inferior",3.2,"Benthic","Resident","Elongate",20,"Adhesive","High"
"Cobitis_melanoleuca","Cobitis melanoleuca","Omnivore","Inferior",3.3,"Benthic","Resident","Elongate",20,"Adhesive","Medium"
"Coregonus_chadary","Coregonus chadary","Carnivore","Terminal",3.2,"Mid-upper","Migratory","Elongate",55,"Demersal","Medium"
"Cottus_poecilopus","Cottus poecilopus","Carnivore","Inferior",3.5,"Benthic","Resident","Bent-axis",12,"Adhesive","High"
"Ctenopharyngodon_idella","Ctenopharyngodon idella","Herbivore","Terminal",2,"Mid-upper","Resident","Bent-axis",68.2,"Pelagic","Low"
"Culter_alburnus","Culter alburnus","Carnivore","Superior",3.3,"Mid-upper","Resident","Elongate",92.8,"Adhesive","Medium"
"Cyprinus_carpio","Cyprinus carpio","Omnivore","Inferior",3.1,"Benthic","Resident","Bent-axis",120,"Adhesive","Medium"
"Elopichthys_bambusa","Elopichthys bambusa","Carnivore","Terminal",3.3,"Mid-upper","Migratory","Bent-axis",200,"Pelagic","Low"
"Esox_lucius","Esox lucius","Carnivore","Superior",4.1,"Mid-upper","Migratory","Elongate",180,"Adhesive","Low"
"Esox_reichertii","Esox reichertii","Carnivore","Superior",4.1,"Mid-upper","Migratory","Elongate",180,"Adhesive","Low"
"Eudontomyzon_morii","Eudontomyzon morii","Carnivore","Terminal",3.6,"Benthic","Migratory","Elongate",62,"Demersal","Low"
"Gnathopogon_strigatus","Gnathopogon strigatus","Omnivore","Terminal",3.2,"Benthic","Resident","Oval",10.3,"Adhesive","High"
"Gobio_cynocephalus","Gobio cynocephalus","Omnivore","Inferior",3.2,"Benthic","Resident","Elongate",19,"Adhesive","Medium"
"Gobio_soldatovi","Gobio soldatovi","Omnivore","Inferior",3.2,"Benthic","Resident","Bent-axis",12,"Demersal","Medium"
"Gobiobotia_pappenheimi","Gobiobotia pappenheimi","Carnivore","Inferior",3.2,"Benthic","Resident","Elongate",15,"Demersal","Medium"
"Hemibarbus_labeo","Hemibarbus labeo","Omnivore","Inferior",3.5,"Benthic","Resident","Elongate",67,"Demersal","Medium"
"Hemibarbus_maculatus","Hemibarbus maculatus","Omnivore","Inferior",3.5,"Benthic","Resident","Bent-axis",47,"Adhesive","Medium"
"Hemiculter_bleekeri","Hemiculter bleekeri","Omnivore","Terminal",2.1,"Mid-upper","Resident","Bent-axis",25.2,"Pelagic","Medium"
"Hemiculter_leucisculus","Hemiculter leucisculus","Omnivore","Terminal",2.8,"Mid-upper","Resident","Bent-axis",29,"Pelagic","Medium"
"Hucho_taimen","Hucho taimen","Carnivore","Terminal",4.5,"Mid-upper","Migratory","Elongate",200,"Demersal","Low"
"Hypomesus_nipponensis","Hypomesus nipponensis","Carnivore","Terminal",3.2,"Mid-upper","Migratory","Elongate",17,"Adhesive","Medium"
"Hypomesus_olidus","Hypomesus olidus","Omnivore","Terminal",3.2,"Mid-upper","Resident","Elongate",20,"Adhesive","Medium"
"Hypophthalmichthys_molitrix","Hypophthalmichthys molitrix","Omnivore","Terminal",2.3,"Mid-upper","Resident","Bent-axis",120,"Pelagic","Medium"
"Hypophthalmichthys_nobilis","Hypophthalmichthys nobilis","Omnivore","Terminal",2.8,"Mid-upper","Migratory","Bent-axis",146,"Pelagic","Medium"
"Ictalurus_punctatus","Ictalurus punctatus","Omnivore","Inferior",3.4,"Benthic","Resident","Bent-axis",130,"Demersal","High"
"Ladislavia_taczanowskii","Ladislavia taczanowskii","Omnivore","Terminal",3.2,"Mid-lower","Resident","Bent-axis",18,"Demersal","Medium"
"Lefua_costata","Lefua costata","Omnivore","Inferior",2.8,"Benthic","Resident","Oval",9.8,"Adhesive","Medium"
"Leiocassis_longirostris","Leiocassis longirostris","Carnivore","Inferior",3.4,"Benthic","Resident","Elongate",50,"Demersal","Medium"
"Leuciscus_waleckii","Leuciscus waleckii","Omnivore","Terminal",2.5,"Benthic","Migratory","Bent-axis",14.5,"Adhesive","Medium"
"Lota_lota","Lota lota","Carnivore","Terminal",3.8,"Benthic","Resident","Elongate",152,"Pelagic","Low"
"Luciobarbus_capito","Luciobarbus capito","Omnivore","Inferior",2.8,"Benthic","Migratory","Bent-axis",105,"Demersal","Low"
"Macropodus_chinensis","Macropodus chinensis","Omnivore","Terminal",3,"Mid-upper","Resident","Bent-axis",10,"Pelagic","High"
"Megalobrama_skolkovii","Megalobrama skolkovii","Omnivore","Terminal",3.3,"Benthic","Resident","Bent-axis",37.7,"Adhesive","Low"
"Megalobrama_terminalis","Megalobrama terminalis","Omnivore","Terminal",3.3,"Benthic","Migratory","Bent-axis",63.5,"Adhesive","Low"
"Mesocottus_haitej","Mesocottus haitej","Carnivore","Terminal",3.4,"Benthic","Resident","Oval",20,"Demersal","Medium"
"Micropercops_swinhonis","Micropercops swinhonis","Omnivore","Inferior",3.1,"Benthic","Resident","Oval",6.2,"Adhesive","Medium"
"Microphysogobio_amurensis","Microphysogobio amurensis","Omnivore","Inferior",3.2,"Benthic","Resident","Oval",11.5,"Adhesive","Medium"
"Misgurnus_anguillicaudatus","Misgurnus anguillicaudatus","Omnivore","Inferior",3.1,"Benthic","Resident","Fusiform",28,"Pelagic","Medium"
"Misgurnus_mohoity","Misgurnus mohoity","Omnivore","Inferior",3,"Benthic","Resident","Elongate",30,"Adhesive","High"
"Mylopharyngodon_piceus","Mylopharyngodon piceus","Carnivore","Terminal",3.2,"Benthic","Migratory","Fusiform",180,"Pelagic","Low"
"Neosalanx_taihuensis","Neosalanx taihuensis","Carnivore","Terminal",3.1,"Mid-upper","Migratory","Elongate",9.8,"Demersal","High"
"Oncorhynchus_keta","Oncorhynchus keta","Carnivore","Terminal",4.1,"Mid-upper","Migratory","Elongate",110,"Demersal","Low"
"Oncorhynchus_mykiss","Oncorhynchus mykiss","Carnivore","Terminal",4.1,"Benthic","Migratory","Oval",122,"Demersal","Medium"
"Opsariichthys_bidens","Opsariichthys bidens","Omnivore","Superior",3.2,"Benthic","Resident","Bent-axis",26.1,"Adhesive","Medium"
"Oryzias_latipes","Oryzias latipes","Omnivore","Superior",3.4,"Benthic","Resident","Elongate",4,"Adhesive","Low"
"Parabotia_fasciatus","Parabotia fasciatus","Omnivore","Inferior",3.3,"Benthic","Resident","Fusiform",18.8,"Adhesive","Low"
"Parabramis_pekinensis","Parabramis pekinensis","Herbivore","Terminal",2,"Benthic","Migratory","Oval",55,"Pelagic","Low"
"Paramisgurnus_dabryanus","Paramisgurnus dabryanus","Omnivore","Inferior",3.2,"Benthic","Resident","Fusiform",21.5,"Pelagic","Medium"
"Perca_fluviatilis","Perca fluviatilis","Carnivore","Terminal",3.8,"Mid-lower","Resident","Oval",60,"Adhesive","Medium"
"Perccottus_glenii","Perccottus glenii","Carnivore","Terminal",3.6,"Benthic","Resident","Bent-axis",25,"Adhesive","Low"
"Phoxinus_phoxinus","Phoxinus phoxinus","Omnivore","Terminal",3.2,"Benthic","Resident","Elongate",14,"Adhesive","Medium"
"Plagiognathops_microlepis","Plagiognathops microlepis","Omnivore","Inferior",3.3,"Benthic","Resident","Oval",70,"Adhesive","Low"
"Protosalanx_hyalocranius","Protosalanx hyalocranius","Carnivore","Terminal",3.3,"Benthic","Migratory","Bent-axis",22.5,"Demersal","High"
"Pseudaspius_leptocephalus","Pseudaspius leptocephalus","Carnivore","Terminal",4.5,"Benthic","Resident","Bent-axis",68,"Pelagic","Low"
"Pseudobrama_simoni","Pseudobrama simoni","Omnivore","Inferior",3.2,"Benthic","Resident","Oval",20,"Adhesive","High"
"Pseudorasbora_parva","Pseudorasbora parva","Omnivore","Superior",3.1,"Benthic","Resident","Bent-axis",12.5,"Adhesive","Medium"
"Pungitius_sinensis","Pungitius sinensis","Carnivore","Superior",3.5,"Benthic","Resident","Elongate",6.5,"Demersal","Medium"
"Rhinogobius_brunneus","Rhinogobius brunneus","Carnivore","Terminal",3.2,"Benthic","Resident","Elongate",5.8,"Adhesive","High"
"Rhinogobius_cliffordpopei","Rhinogobius cliffordpopei","Carnivore","Terminal",3.4,"Benthic","Resident","Bent-axis",14.5,"Adhesive","High"
"Rhodeus_lighti","Rhodeus lighti","Omnivore","Terminal",2.7,"Benthic","Resident","Bent-axis",7.2,"Adhesive","High"
"Rhodeus_ocellatus","Rhodeus ocellatus","Omnivore","Terminal",2.5,"Benthic","Resident","Bent-axis",9.2,"Adhesive","Medium"
"Rhodeus_sericeus","Rhodeus sericeus","Omnivore","Terminal",2.1,"Benthic","Resident","Bent-axis",11,"Adhesive","Medium"
"Rhodeus_sinensis","Rhodeus sinensis","Omnivore","Terminal",2.1,"Benthic","Resident","Oval",10.8,"Adhesive","Medium"
"Rhynchocypris_czekanowskii","Rhynchocypris czekanowskii","Carnivore","Terminal",3.3,"Benthic","Resident","Elongate",9,"Demersal","Medium"
"Rhynchocypris_lagowskii","Rhynchocypris lagowskii","Carnivore","Terminal",3.5,"Benthic","Resident","Oval",24,"Demersal","Medium"
"Rhynchocypris_oxycephalus","Rhynchocypris oxycephalus","Carnivore","Terminal",3.7,"Benthic","Resident","Elongate",17.2,"Demersal","Medium"
"Rhynchocypris_percnurus","Rhynchocypris percnurus","Carnivore","Terminal",3.2,"Benthic","Resident","Bent-axis",18.5,"Demersal","Medium"
"Rutilus_rutilus","Rutilus rutilus","Omnivore","Terminal",3,"Benthic","Resident","Bent-axis",50.2,"Adhesive","Medium"
"Salvelinus_leucomaenis","Salvelinus leucomaenis","Carnivore","Terminal",3.8,"Mid-upper","Migratory","Elongate",60,"Demersal","Low"
"Salvelinus_malma","Salvelinus malma","Carnivore","Terminal",4.2,"Mid-upper","Migratory","Elongate",100,"Demersal","Low"
"Sander_lucioperca","Sander lucioperca","Carnivore","Terminal",4,"Benthic","Resident","Bent-axis",100,"Adhesive","Low"
"Sarcocheilichthys_lacustris","Sarcocheilichthys lacustris","Omnivore","Inferior",2.8,"Benthic","Resident","Elongate",25,"Demersal","Medium"
"Sarcocheilichthys_nigripinnis","Sarcocheilichthys nigripinnis","Omnivore","Inferior",3.3,"Benthic","Resident","Bent-axis",16,"Adhesive","Medium"
"Saurogobio_dabryi","Saurogobio dabryi","Omnivore","Inferior",3.3,"Benthic","Resident","Elongate",27.3,"Adhesive","Medium"
"Silurus_asotus","Silurus asotus","Carnivore","Superior",4.4,"Benthic","Resident","Elongate",130,"Adhesive","Low"
"Siniperca_chuatsi","Siniperca chuatsi","Carnivore","Terminal",4.5,"Benthic","Resident","Oval",70,"Pelagic","Medium"
"Squalidus_argentatus","Squalidus argentatus","Omnivore","Inferior",3.3,"Benthic","Resident","Bent-axis",18.8,"Adhesive","Medium"
"Squalidus_chankaensis","Squalidus chankaensis","Omnivore","Terminal",3.3,"Benthic","Resident","Elongate",17.5,"Adhesive","Medium"
"Squaliobarbus_curriculus","Squaliobarbus curriculus","Omnivore","Terminal",3.2,"Benthic","Resident","Elongate",48.8,"Pelagic","Medium"
"Tachysurus_argentivittatus","Tachysurus argentivittatus","Carnivore","Inferior",3.3,"Benthic","Resident","Elongate",5,"Adhesive","High"
"Tachysurus_fulvidraco","Tachysurus fulvidraco","Carnivore","Inferior",3.5,"Benthic","Resident","Fusiform",34.5,"Demersal","Medium"
"Tachysurus_nitidus","Tachysurus nitidus","Carnivore","Inferior",3.7,"Benthic","Resident","Elongate",40.8,"Adhesive","Medium"
"Tachysurus_ussuriensis","Tachysurus ussuriensis","Carnivore","Inferior",3.9,"Benthic","Resident","Bent-axis",100,"Adhesive","Low"
"Thymallus_arcticus","Thymallus arcticus","Omnivore","Terminal",3.5,"Mid-upper","Migratory","Elongate",60,"Demersal","Medium"
"Thymallus_grubii","Thymallus grubii","Carnivore","Terminal",3.7,"Mid-upper","Migratory","Elongate",50,"Demersal","Low"
"Thymallus_tugarinae","Thymallus tugarinae","Carnivore","Terminal",3.7,"Mid-upper","Migratory","Elongate",60,"Demersal","Low"
"Tinca_tinca","Tinca tinca","Omnivore","Terminal",3.7,"Benthic","Resident","Oval",70,"Adhesive","Medium"
"Xenocypris_argentea","Xenocypris argentea","Omnivore","Inferior",2.6,"Benthic","Resident","Bent-axis",34.6,"Pelagic","Medium"
"Zacco_platypus","Zacco platypus","Omnivore","Terminal",3.1,"Mid-upper","Resident","Oval",22.5,"Adhesive","Medium"
