species,genus,family,order
Abbottina_rivularis,Abbottina,Gobionidae,Cypriniformes
Acheilognathus_chankaensis,Acheilognathus,Acheilognathidae,Cypriniformes
Acheilognathus_macropterus,Acheilognathus,Acheilognathidae,Cypriniformes
Aphyocypris_chinensis,Aphyocypris,Xenocyprididae,Cypriniformes
Barbatula_nuda,Barbatula,Nemacheilidae,Cypriniformes
Brachymystax_lenok,Brachymystax,Salmonidae,Salmoniformes
Carassius_auratus,Carassius,Cyprinidae,Cypriniformes
Carassius_gibelio,Carassius,Cyprinidae,Cypriniformes
Channa_argus,Channa,Channidae,Anabantiformes
Chanodichthys_erythropterus,Chanodichthys,Xenocyprididae,Cypriniformes
Chanodichthys_mongolicus,Chanodichthys,Xenocyprididae,Cypriniformes
Cobitis_lutheri,Cobitis,Cobitidae,Cypriniformes
Cobitis_melanoleuca,Cobitis,Cobitidae,Cypriniformes
Coregonus_chadary,Coregonus,Salmonidae,Salmoniformes
Cottus_poecilopus,Cottus,Cottidae,Perciformes
Ctenopharyngodon_idella,Ctenopharyngodon,Xenocyprididae,Cypriniformes
Culter_alburnus,Culter,Xenocyprididae,Cypriniformes
Cyprinus_carpio,Cyprinus,Cyprinidae,Cypriniformes
Elopichthys_bambusa,Elopichthys,Xenocyprididae,Cypriniformes
Esox_lucius,Esox,Esocidae,Esociformes
Esox_reichertii,Esox,Esocidae,Esociformes
Eudontomyzon_morii,Eudontomyzon,Petromyzontidae,Petromyzontiformes
Gnathopogon_strigatus,Gnathopogon,Gobionidae,Cypriniformes
Gobio_cynocephalus,Gobio,Gobionidae,Cypriniformes
Gobio_soldatovi,Gobio,Gobionidae,Cypriniformes
Gobiobotia_pappenheimi,Gobiobotia,Gobionidae,Cypriniformes
Hemibarbus_labeo,Hemibarbus,Gobionidae,Cypriniformes
Hemibarbus_maculatus,Hemibarbus,Gobionidae,Cypriniformes
Hemiculter_bleekeri,Hemiculter,Xenocyprididae,Cypriniformes
Hemiculter_leucisculus,Hemiculter,Xenocyprididae,Cypriniformes
Hucho_taimen,Hucho,Salmonidae,Salmoniformes
Hypomesus_nipponensis,Hypomesus,Osmeridae,Osmeriformes
Hypomesus_olidus,Hypomesus,Osmeridae,Osmeriformes
Hypophthalmichthys_molitrix,Hypophthalmichthys,Xenocyprididae,Cypriniformes
Hypophthalmichthys_nobilis,Hypophthalmichthys,Xenocyprididae,Cypriniformes
Ictalurus_punctatus,Ictalurus,Ictaluridae,Siluriformes
Ladislavia_taczanowskii,Ladislavia,Gobionidae,Cypriniformes
Lefua_costata,Lefua,Nemacheilidae,Cypriniformes
Leiocassis_longirostris,Leiocassis,Bagridae,Siluriformes
Leuciscus_waleckii,Leuciscus,Leuciscidae,Cypriniformes
Lota_lota,Lota,Lotidae,Gadiformes
Luciobarbus_capito,Luciobarbus,Cyprinidae,Cypriniformes
Macropodus_chinensis,Macropodus,Osphronemidae,Anabantiformes
Megalobrama_skolkovii,Megalobrama,Xenocyprididae,Cypriniformes
Megalobrama_terminalis,Megalobrama,Xenocyprididae,Cypriniformes
Mesocottus_haitej,Mesocottus,Cottidae,Perciformes
Micropercops_swinhonis,Micropercops,Odontobutidae,Gobiiformes
Microphysogobio_amurensis,Microphysogobio,Gobionidae,Cypriniformes
Misgurnus_anguillicaudatus,Misgurnus,Cobitidae,Cypriniformes
Misgurnus_mohoity,Misgurnus,Cobitidae,Cypriniformes
Mylopharyngodon_piceus,Mylopharyngodon,Xenocyprididae,Cypriniformes
Neosalanx_taihuensis,Neosalanx,Salangidae,Osmeriformes
Oncorhynchus_keta,Oncorhynchus,Salmonidae,Salmoniformes
Oncorhynchus_mykiss,Oncorhynchus,Salmonidae,Salmoniformes
Opsariichthys_bidens,Opsariichthys,Xenocyprididae,Cypriniformes
Oryzias_latipes,Oryzias,Adrianichthyidae,Beloniformes
Parabotia_fasciatus,Parabotia,Botiidae,Cypriniformes
Parabramis_pekinensis,Parabramis,Xenocyprididae,Cypriniformes
Paramisgurnus_dabryanus,Paramisgurnus,Cobitidae,Cypriniformes
Perca_fluviatilis,Perca,Percidae,Perciformes
Perccottus_glenii,Perccottus,Odontobutidae,Gobiiformes
Phoxinus_phoxinus,Phoxinus,Leuciscidae,Cypriniformes
Plagiognathops_microlepis,Plagiognathops,Xenocyprididae,Cypriniformes
Protosalanx_hyalocranius,Protosalanx,Salangidae,Osmeriformes
Pseudaspius_leptocephalus,Pseudaspius,Leuciscidae,Cypriniformes
Pseudobrama_simoni,Pseudobrama,Xenocyprididae,Cypriniformes
Pseudorasbora_parva,Pseudorasbora,Gobionidae,Cypriniformes
Pungitius_sinensis,Pungitius,Gasterosteidae,Perciformes
Rhinogobius_brunneus,Rhinogobius,Gobiidae,Gobiiformes
Rhinogobius_cliffordpopei,Rhinogobius,Gobiidae,Gobiiformes
Rhodeus_lighti,Rhodeus,Acheilognathidae,Cypriniformes
Rhodeus_ocellatus,Rhodeus,Acheilognathidae,Cypriniformes
Rhodeus_sericeus,Rhodeus,Acheilognathidae,Cypriniformes
Rhodeus_sinensis,Rhodeus,Acheilognathidae,Cypriniformes
Rhynchocypris_czekanowskii,Rhynchocypris,Leuciscidae,Cypriniformes
Rhynchocypris_lagowskii,Rhynchocypris,Leuciscidae,Cypriniformes
Rhynchocypris_oxycephalus,Rhynchocypris,Leuciscidae,Cypriniformes
Rhynchocypris_percnurus,Rhynchocypris,Leuciscidae,Cypriniformes
Rutilus_rutilus,Rutilus,Leuciscidae,Cypriniformes
Salvelinus_leucomaenis,Salvelinus,Salmonidae,Salmoniformes
Salvelinus_malma,Salvelinus,Salmonidae,Salmoniformes
Sander_lucioperca,Sander,Percidae,Perciformes
Sarcocheilichthys_lacustris,Sarcocheilichthys,Gobionidae,Cypriniformes
Sarcocheilichthys_nigripinnis,Sarcocheilichthys,Gobionidae,Cypriniformes
Saurogobio_dabryi,Saurogobio,Gobionidae,Cypriniformes
Silurus_asotus,Silurus,Siluridae,Siluriformes
Siniperca_chuatsi,Siniperca,Sinipercidae,Centrarchiformes
Squalidus_argentatus,Squalidus,Gobionidae,Cypriniformes
Squalidus_chankaensis,Squalidus,Gobionidae,Cypriniformes
Squaliobarbus_curriculus,Squaliobarbus,Xenocyprididae,Cypriniformes
Tachysurus_argentivittatus,Tachysurus,Bagridae,Siluriformes
Tachysurus_fulvidraco,Tachysurus,Bagridae,Siluriformes
Tachysurus_nitidus,Tachysurus,Bagridae,Siluriformes
Tachysurus_ussuriensis,Tachysurus,Bagridae,Siluriformes
Thymallus_arcticus,Thymallus,Salmonidae,Salmoniformes
Thymallus_grubii,Thymallus,Salmonidae,Salmoniformes
Thymallus_tugarinae,Thymallus,Salmonidae,Salmoniformes
Tinca_tinca,Tinca,Tincidae,Cypriniformes
Xenocypris_argentea,Xenocypris,Xenocyprididae,Cypriniformes
Zacco_platypus,Zacco,Xenocyprididae,Cypriniformes
